{"allFiles":{"fileId-0":{"parentDirectoryId":"dirId-0","currentPath":"/firstApp.py","isDeleted":"false","id":"fileId-0","lastModifiedDate":1605129420226,"textFileInsertEvents":[[{"id":"ev-856","character":"i"},{"id":"ev-857","character":"m"},{"id":"ev-858","character":"p"},{"id":"ev-859","character":"o"},{"id":"ev-860","character":"r"},{"id":"ev-861","character":"t"},{"id":"ev-862","character":" "},{"id":"ev-863","character":"d"},{"id":"ev-864","character":"a"},{"id":"ev-865","character":"t"},{"id":"ev-866","character":"e"},{"id":"ev-867","character":"t"},{"id":"ev-868","character":"i"},{"id":"ev-869","character":"m"},{"id":"ev-870","character":"e"},{"id":"ev-855","character":"NEWLINE"}],[{"id":"ev-2","character":"f"},{"id":"ev-3","character":"r"},{"id":"ev-4","character":"o"},{"id":"ev-5","character":"m"},{"id":"ev-6","character":" "},{"id":"ev-7","character":"f"},{"id":"ev-8","character":"l"},{"id":"ev-9","character":"a"},{"id":"ev-10","character":"s"},{"id":"ev-11","character":"k"},{"id":"ev-12","character":" "},{"id":"ev-13","character":"i"},{"id":"ev-14","character":"m"},{"id":"ev-15","character":"p"},{"id":"ev-16","character":"o"},{"id":"ev-17","character":"r"},{"id":"ev-18","character":"t"},{"id":"ev-19","character":" "},{"id":"ev-20","character":"F"},{"id":"ev-21","character":"l"},{"id":"ev-22","character":"a"},{"id":"ev-23","character":"s"},{"id":"ev-24","character":"k"},{"id":"ev-1371","character":"NEWLINE"}],[{"id":"ev-1372","character":"f"},{"id":"ev-1373","character":"r"},{"id":"ev-1374","character":"o"},{"id":"ev-1375","character":"m"},{"id":"ev-1376","character":" "},{"id":"ev-1377","character":"f"},{"id":"ev-1378","character":"l"},{"id":"ev-1379","character":"a"},{"id":"ev-1380","character":"s"},{"id":"ev-1381","character":"k"},{"id":"ev-1382","character":" "},{"id":"ev-1383","character":"i"},{"id":"ev-1384","character":"m"},{"id":"ev-1385","character":"p"},{"id":"ev-1386","character":"o"},{"id":"ev-1387","character":"r"},{"id":"ev-1388","character":"t"},{"id":"ev-1389","character":" "},{"id":"ev-1390","character":"r"},{"id":"ev-1391","character":"e"},{"id":"ev-1392","character":"q"},{"id":"ev-1393","character":"u"},{"id":"ev-1394","character":"e"},{"id":"ev-1395","character":"s"},{"id":"ev-1396","character":"t"},{"id":"ev-25","character":"NEWLINE"}],[{"id":"ev-26","character":"a"},{"id":"ev-27","character":"p"},{"id":"ev-28","character":"p"},{"id":"ev-29","character":" "},{"id":"ev-30","character":"="},{"id":"ev-31","character":" "},{"id":"ev-32","character":"F"},{"id":"ev-33","character":"l"},{"id":"ev-34","character":"a"},{"id":"ev-35","character":"s"},{"id":"ev-36","character":"k"},{"id":"ev-37","character":"("},{"id":"ev-38","character":"_"},{"id":"ev-39","character":"_"},{"id":"ev-40","character":"n"},{"id":"ev-41","character":"a"},{"id":"ev-42","character":"m"},{"id":"ev-43","character":"e"},{"id":"ev-44","character":"_"},{"id":"ev-45","character":"_"},{"id":"ev-46","character":")"},{"id":"ev-47","character":"NEWLINE"}],[{"id":"ev-48","character":"NEWLINE"}],[{"id":"ev-547","character":"@"},{"id":"ev-548","character":"a"},{"id":"ev-549","character":"p"},{"id":"ev-550","character":"p"},{"id":"ev-551","character":"."},{"id":"ev-552","character":"r"},{"id":"ev-553","character":"o"},{"id":"ev-554","character":"u"},{"id":"ev-555","character":"t"},{"id":"ev-556","character":"e"},{"id":"ev-557","character":"("},{"id":"ev-558","character":"\""},{"id":"ev-559","character":"/"},{"id":"ev-560","character":"c"},{"id":"ev-561","character":"s"},{"id":"ev-562","character":"s"},{"id":"ev-563","character":"t"},{"id":"ev-564","character":"u"},{"id":"ev-565","character":"d"},{"id":"ev-566","character":"e"},{"id":"ev-567","character":"n"},{"id":"ev-568","character":"t"},{"id":"ev-569","character":"/"},{"id":"ev-570","character":"<"},{"id":"ev-571","character":"n"},{"id":"ev-572","character":"a"},{"id":"ev-573","character":"m"},{"id":"ev-574","character":"e"},{"id":"ev-575","character":">"},{"id":"ev-576","character":"\""},{"id":"ev-577","character":")"},{"id":"ev-578","character":"NEWLINE"}],[{"id":"ev-579","character":"d"},{"id":"ev-580","character":"e"},{"id":"ev-581","character":"f"},{"id":"ev-582","character":" "},{"id":"ev-583","character":"s"},{"id":"ev-584","character":"h"},{"id":"ev-585","character":"o"},{"id":"ev-586","character":"w"},{"id":"ev-587","character":"S"},{"id":"ev-588","character":"t"},{"id":"ev-589","character":"u"},{"id":"ev-590","character":"d"},{"id":"ev-591","character":"e"},{"id":"ev-592","character":"n"},{"id":"ev-593","character":"t"},{"id":"ev-594","character":"N"},{"id":"ev-595","character":"a"},{"id":"ev-596","character":"m"},{"id":"ev-597","character":"e"},{"id":"ev-598","character":"("},{"id":"ev-599","character":"n"},{"id":"ev-600","character":"a"},{"id":"ev-601","character":"m"},{"id":"ev-602","character":"e"},{"id":"ev-603","character":")"},{"id":"ev-604","character":":"},{"id":"ev-605","character":"NEWLINE"}],[{"id":"ev-606","character":" "},{"id":"ev-607","character":" "},{"id":"ev-608","character":" "},{"id":"ev-609","character":" "},{"id":"ev-610","character":"r"},{"id":"ev-611","character":"e"},{"id":"ev-612","character":"t"},{"id":"ev-613","character":"u"},{"id":"ev-614","character":"r"},{"id":"ev-615","character":"n"},{"id":"ev-616","character":" "},{"id":"ev-617","character":"f"},{"id":"ev-618","character":"\""},{"id":"ev-619","character":"H"},{"id":"ev-620","character":"e"},{"id":"ev-621","character":"l"},{"id":"ev-622","character":"l"},{"id":"ev-623","character":"o"},{"id":"ev-624","character":" "},{"id":"ev-625","character":"{"},{"id":"ev-626","character":"n"},{"id":"ev-627","character":"a"},{"id":"ev-628","character":"m"},{"id":"ev-629","character":"e"},{"id":"ev-630","character":"}"},{"id":"ev-631","character":","},{"id":"ev-632","character":" "},{"id":"ev-633","character":"y"},{"id":"ev-634","character":"o"},{"id":"ev-635","character":"u"},{"id":"ev-636","character":" "},{"id":"ev-637","character":"a"},{"id":"ev-638","character":"r"},{"id":"ev-639","character":"e"},{"id":"ev-640","character":" "},{"id":"ev-641","character":"a"},{"id":"ev-642","character":" "},{"id":"ev-643","character":"f"},{"id":"ev-644","character":"i"},{"id":"ev-645","character":"n"},{"id":"ev-646","character":"e"},{"id":"ev-647","character":" "},{"id":"ev-648","character":"C"},{"id":"ev-649","character":"o"},{"id":"ev-650","character":"m"},{"id":"ev-651","character":"p"},{"id":"ev-652","character":"u"},{"id":"ev-653","character":"t"},{"id":"ev-654","character":"e"},{"id":"ev-655","character":"r"},{"id":"ev-656","character":" "},{"id":"ev-657","character":"S"},{"id":"ev-658","character":"c"},{"id":"ev-659","character":"i"},{"id":"ev-660","character":"e"},{"id":"ev-661","character":"n"},{"id":"ev-662","character":"c"},{"id":"ev-663","character":"e"},{"id":"ev-664","character":" "},{"id":"ev-665","character":"s"},{"id":"ev-666","character":"t"},{"id":"ev-667","character":"u"},{"id":"ev-668","character":"d"},{"id":"ev-669","character":"e"},{"id":"ev-670","character":"n"},{"id":"ev-671","character":"t"},{"id":"ev-672","character":"!"},{"id":"ev-673","character":"\""},{"id":"ev-674","character":"NEWLINE"}],[{"id":"ev-675","character":"NEWLINE"}],[{"id":"ev-676","character":"@"},{"id":"ev-677","character":"a"},{"id":"ev-678","character":"p"},{"id":"ev-679","character":"p"},{"id":"ev-680","character":"."},{"id":"ev-681","character":"r"},{"id":"ev-682","character":"o"},{"id":"ev-683","character":"u"},{"id":"ev-684","character":"t"},{"id":"ev-685","character":"e"},{"id":"ev-686","character":"("},{"id":"ev-687","character":"\""},{"id":"ev-688","character":"/"},{"id":"ev-689","character":"c"},{"id":"ev-690","character":"s"},{"id":"ev-691","character":"s"},{"id":"ev-692","character":"t"},{"id":"ev-693","character":"u"},{"id":"ev-694","character":"d"},{"id":"ev-695","character":"e"},{"id":"ev-696","character":"n"},{"id":"ev-697","character":"t"},{"id":"ev-698","character":"/"},{"id":"ev-699","character":"<"},{"id":"ev-700","character":"f"},{"id":"ev-701","character":"i"},{"id":"ev-702","character":"r"},{"id":"ev-703","character":"s"},{"id":"ev-704","character":"t"},{"id":"ev-705","character":"N"},{"id":"ev-706","character":"a"},{"id":"ev-707","character":"m"},{"id":"ev-708","character":"e"},{"id":"ev-709","character":">"},{"id":"ev-710","character":"/"},{"id":"ev-711","character":"<"},{"id":"ev-712","character":"l"},{"id":"ev-713","character":"a"},{"id":"ev-714","character":"s"},{"id":"ev-715","character":"t"},{"id":"ev-716","character":"N"},{"id":"ev-717","character":"a"},{"id":"ev-718","character":"m"},{"id":"ev-719","character":"e"},{"id":"ev-720","character":">"},{"id":"ev-721","character":"\""},{"id":"ev-722","character":")"},{"id":"ev-723","character":"NEWLINE"}],[{"id":"ev-724","character":"d"},{"id":"ev-725","character":"e"},{"id":"ev-726","character":"f"},{"id":"ev-727","character":" "},{"id":"ev-728","character":"s"},{"id":"ev-729","character":"h"},{"id":"ev-730","character":"o"},{"id":"ev-731","character":"w"},{"id":"ev-732","character":"S"},{"id":"ev-733","character":"t"},{"id":"ev-734","character":"u"},{"id":"ev-735","character":"d"},{"id":"ev-736","character":"e"},{"id":"ev-737","character":"n"},{"id":"ev-738","character":"t"},{"id":"ev-739","character":"F"},{"id":"ev-740","character":"u"},{"id":"ev-741","character":"l"},{"id":"ev-742","character":"l"},{"id":"ev-743","character":"N"},{"id":"ev-744","character":"a"},{"id":"ev-745","character":"m"},{"id":"ev-746","character":"e"},{"id":"ev-747","character":"("},{"id":"ev-748","character":"f"},{"id":"ev-749","character":"i"},{"id":"ev-750","character":"r"},{"id":"ev-751","character":"s"},{"id":"ev-752","character":"t"},{"id":"ev-753","character":"N"},{"id":"ev-754","character":"a"},{"id":"ev-755","character":"m"},{"id":"ev-756","character":"e"},{"id":"ev-757","character":","},{"id":"ev-758","character":" "},{"id":"ev-759","character":"l"},{"id":"ev-760","character":"a"},{"id":"ev-761","character":"s"},{"id":"ev-762","character":"t"},{"id":"ev-763","character":"N"},{"id":"ev-764","character":"a"},{"id":"ev-765","character":"m"},{"id":"ev-766","character":"e"},{"id":"ev-767","character":")"},{"id":"ev-768","character":":"},{"id":"ev-769","character":"NEWLINE"}],[{"id":"ev-770","character":" "},{"id":"ev-771","character":" "},{"id":"ev-772","character":" "},{"id":"ev-773","character":" "},{"id":"ev-774","character":"r"},{"id":"ev-775","character":"e"},{"id":"ev-776","character":"t"},{"id":"ev-777","character":"u"},{"id":"ev-778","character":"r"},{"id":"ev-779","character":"n"},{"id":"ev-780","character":" "},{"id":"ev-781","character":"f"},{"id":"ev-782","character":"\""},{"id":"ev-783","character":"H"},{"id":"ev-784","character":"e"},{"id":"ev-785","character":"l"},{"id":"ev-786","character":"l"},{"id":"ev-787","character":"o"},{"id":"ev-788","character":" "},{"id":"ev-789","character":"{"},{"id":"ev-790","character":"f"},{"id":"ev-791","character":"i"},{"id":"ev-792","character":"r"},{"id":"ev-793","character":"s"},{"id":"ev-794","character":"t"},{"id":"ev-795","character":"N"},{"id":"ev-796","character":"a"},{"id":"ev-797","character":"m"},{"id":"ev-798","character":"e"},{"id":"ev-799","character":"}"},{"id":"ev-800","character":" "},{"id":"ev-801","character":"{"},{"id":"ev-802","character":"l"},{"id":"ev-803","character":"a"},{"id":"ev-804","character":"s"},{"id":"ev-805","character":"t"},{"id":"ev-806","character":"N"},{"id":"ev-807","character":"a"},{"id":"ev-808","character":"m"},{"id":"ev-809","character":"e"},{"id":"ev-810","character":"}"},{"id":"ev-811","character":","},{"id":"ev-812","character":" "},{"id":"ev-813","character":"y"},{"id":"ev-814","character":"o"},{"id":"ev-815","character":"u"},{"id":"ev-816","character":" "},{"id":"ev-817","character":"a"},{"id":"ev-818","character":"r"},{"id":"ev-819","character":"e"},{"id":"ev-820","character":" "},{"id":"ev-821","character":"a"},{"id":"ev-822","character":" "},{"id":"ev-823","character":"f"},{"id":"ev-824","character":"i"},{"id":"ev-825","character":"n"},{"id":"ev-826","character":"e"},{"id":"ev-827","character":" "},{"id":"ev-828","character":"C"},{"id":"ev-829","character":"o"},{"id":"ev-830","character":"m"},{"id":"ev-831","character":"p"},{"id":"ev-832","character":"u"},{"id":"ev-833","character":"t"},{"id":"ev-834","character":"e"},{"id":"ev-835","character":"r"},{"id":"ev-836","character":" "},{"id":"ev-837","character":"S"},{"id":"ev-838","character":"c"},{"id":"ev-839","character":"i"},{"id":"ev-840","character":"e"},{"id":"ev-841","character":"n"},{"id":"ev-842","character":"c"},{"id":"ev-843","character":"e"},{"id":"ev-844","character":" "},{"id":"ev-845","character":"s"},{"id":"ev-846","character":"t"},{"id":"ev-847","character":"u"},{"id":"ev-848","character":"d"},{"id":"ev-849","character":"e"},{"id":"ev-850","character":"n"},{"id":"ev-851","character":"t"},{"id":"ev-852","character":"!"},{"id":"ev-853","character":"\""},{"id":"ev-854","character":"NEWLINE"}],[{"id":"ev-871","character":"NEWLINE"}],[{"id":"ev-872","character":"@"},{"id":"ev-873","character":"a"},{"id":"ev-874","character":"p"},{"id":"ev-875","character":"p"},{"id":"ev-876","character":"."},{"id":"ev-877","character":"r"},{"id":"ev-878","character":"o"},{"id":"ev-879","character":"u"},{"id":"ev-880","character":"t"},{"id":"ev-881","character":"e"},{"id":"ev-882","character":"("},{"id":"ev-883","character":"\""},{"id":"ev-884","character":"/"},{"id":"ev-885","character":"c"},{"id":"ev-886","character":"s"},{"id":"ev-887","character":"s"},{"id":"ev-888","character":"t"},{"id":"ev-889","character":"u"},{"id":"ev-890","character":"d"},{"id":"ev-891","character":"e"},{"id":"ev-892","character":"n"},{"id":"ev-893","character":"t"},{"id":"ev-894","character":"/"},{"id":"ev-895","character":"<"},{"id":"ev-896","character":"n"},{"id":"ev-897","character":"a"},{"id":"ev-898","character":"m"},{"id":"ev-899","character":"e"},{"id":"ev-900","character":">"},{"id":"ev-901","character":"/"},{"id":"ev-902","character":"b"},{"id":"ev-903","character":"i"},{"id":"ev-904","character":"r"},{"id":"ev-905","character":"t"},{"id":"ev-906","character":"h"},{"id":"ev-907","character":"y"},{"id":"ev-908","character":"e"},{"id":"ev-909","character":"a"},{"id":"ev-910","character":"r"},{"id":"ev-911","character":"/"},{"id":"ev-912","character":"<"},{"id":"ev-913","character":"i"},{"id":"ev-914","character":"n"},{"id":"ev-915","character":"t"},{"id":"ev-916","character":":"},{"id":"ev-917","character":"b"},{"id":"ev-918","character":"i"},{"id":"ev-919","character":"r"},{"id":"ev-920","character":"t"},{"id":"ev-921","character":"h"},{"id":"ev-922","character":"y"},{"id":"ev-923","character":"e"},{"id":"ev-924","character":"a"},{"id":"ev-925","character":"r"},{"id":"ev-926","character":">"},{"id":"ev-927","character":"\""},{"id":"ev-928","character":")"},{"id":"ev-929","character":"NEWLINE"}],[{"id":"ev-930","character":"d"},{"id":"ev-931","character":"e"},{"id":"ev-932","character":"f"},{"id":"ev-933","character":" "},{"id":"ev-934","character":"s"},{"id":"ev-935","character":"h"},{"id":"ev-936","character":"o"},{"id":"ev-937","character":"w"},{"id":"ev-938","character":"S"},{"id":"ev-939","character":"t"},{"id":"ev-940","character":"u"},{"id":"ev-941","character":"d"},{"id":"ev-942","character":"e"},{"id":"ev-943","character":"n"},{"id":"ev-944","character":"t"},{"id":"ev-945","character":"N"},{"id":"ev-946","character":"a"},{"id":"ev-947","character":"m"},{"id":"ev-948","character":"e"},{"id":"ev-949","character":"A"},{"id":"ev-950","character":"n"},{"id":"ev-951","character":"d"},{"id":"ev-952","character":"A"},{"id":"ev-953","character":"g"},{"id":"ev-954","character":"e"},{"id":"ev-955","character":"("},{"id":"ev-956","character":"n"},{"id":"ev-957","character":"a"},{"id":"ev-958","character":"m"},{"id":"ev-959","character":"e"},{"id":"ev-960","character":","},{"id":"ev-961","character":" "},{"id":"ev-962","character":"b"},{"id":"ev-963","character":"i"},{"id":"ev-964","character":"r"},{"id":"ev-965","character":"t"},{"id":"ev-966","character":"h"},{"id":"ev-967","character":"y"},{"id":"ev-968","character":"e"},{"id":"ev-969","character":"a"},{"id":"ev-970","character":"r"},{"id":"ev-971","character":")"},{"id":"ev-972","character":":"},{"id":"ev-973","character":"NEWLINE"}],[{"id":"ev-974","character":" "},{"id":"ev-975","character":" "},{"id":"ev-976","character":" "},{"id":"ev-977","character":" "},{"id":"ev-978","character":"a"},{"id":"ev-979","character":"g"},{"id":"ev-980","character":"e"},{"id":"ev-981","character":" "},{"id":"ev-982","character":"="},{"id":"ev-983","character":" "},{"id":"ev-984","character":"d"},{"id":"ev-985","character":"a"},{"id":"ev-986","character":"t"},{"id":"ev-987","character":"e"},{"id":"ev-988","character":"t"},{"id":"ev-989","character":"i"},{"id":"ev-990","character":"m"},{"id":"ev-991","character":"e"},{"id":"ev-992","character":"."},{"id":"ev-993","character":"d"},{"id":"ev-994","character":"a"},{"id":"ev-995","character":"t"},{"id":"ev-996","character":"e"},{"id":"ev-997","character":"."},{"id":"ev-998","character":"t"},{"id":"ev-999","character":"o"},{"id":"ev-1000","character":"d"},{"id":"ev-1001","character":"a"},{"id":"ev-1002","character":"y"},{"id":"ev-1003","character":"("},{"id":"ev-1004","character":")"},{"id":"ev-1005","character":"."},{"id":"ev-1006","character":"y"},{"id":"ev-1007","character":"e"},{"id":"ev-1008","character":"a"},{"id":"ev-1009","character":"r"},{"id":"ev-1010","character":" "},{"id":"ev-1011","character":"-"},{"id":"ev-1012","character":" "},{"id":"ev-1013","character":"b"},{"id":"ev-1014","character":"i"},{"id":"ev-1015","character":"r"},{"id":"ev-1016","character":"t"},{"id":"ev-1017","character":"h"},{"id":"ev-1018","character":"y"},{"id":"ev-1019","character":"e"},{"id":"ev-1020","character":"a"},{"id":"ev-1021","character":"r"},{"id":"ev-1022","character":"NEWLINE"}],[{"id":"ev-1023","character":" "},{"id":"ev-1024","character":" "},{"id":"ev-1025","character":" "},{"id":"ev-1026","character":" "},{"id":"ev-1027","character":"r"},{"id":"ev-1028","character":"e"},{"id":"ev-1029","character":"t"},{"id":"ev-1030","character":"u"},{"id":"ev-1031","character":"r"},{"id":"ev-1032","character":"n"},{"id":"ev-1033","character":" "},{"id":"ev-1034","character":"f"},{"id":"ev-1035","character":"\""},{"id":"ev-1036","character":"{"},{"id":"ev-1037","character":"n"},{"id":"ev-1038","character":"a"},{"id":"ev-1039","character":"m"},{"id":"ev-1040","character":"e"},{"id":"ev-1041","character":"}"},{"id":"ev-1042","character":","},{"id":"ev-1043","character":" "},{"id":"ev-1044","character":"b"},{"id":"ev-1045","character":"o"},{"id":"ev-1046","character":"r"},{"id":"ev-1047","character":"n"},{"id":"ev-1048","character":" "},{"id":"ev-1049","character":"{"},{"id":"ev-1050","character":"a"},{"id":"ev-1051","character":"g"},{"id":"ev-1052","character":"e"},{"id":"ev-1053","character":"}"},{"id":"ev-1054","character":" "},{"id":"ev-1055","character":"y"},{"id":"ev-1056","character":"e"},{"id":"ev-1057","character":"a"},{"id":"ev-1058","character":"r"},{"id":"ev-1059","character":"s"},{"id":"ev-1060","character":" "},{"id":"ev-1061","character":"a"},{"id":"ev-1062","character":"g"},{"id":"ev-1063","character":"o"},{"id":"ev-1064","character":","},{"id":"ev-1065","character":" "},{"id":"ev-1066","character":"i"},{"id":"ev-1067","character":"s"},{"id":"ev-1068","character":" "},{"id":"ev-1069","character":"a"},{"id":"ev-1070","character":" "},{"id":"ev-1071","character":"f"},{"id":"ev-1072","character":"i"},{"id":"ev-1073","character":"n"},{"id":"ev-1074","character":"e"},{"id":"ev-1075","character":" "},{"id":"ev-1076","character":"C"},{"id":"ev-1077","character":"S"},{"id":"ev-1078","character":" "},{"id":"ev-1079","character":"s"},{"id":"ev-1080","character":"t"},{"id":"ev-1081","character":"u"},{"id":"ev-1082","character":"d"},{"id":"ev-1083","character":"e"},{"id":"ev-1084","character":"n"},{"id":"ev-1085","character":"t"},{"id":"ev-1086","character":"!"},{"id":"ev-1087","character":"\""},{"id":"ev-1088","character":"NEWLINE"}],[{"id":"ev-1089","character":"NEWLINE"}],[{"id":"ev-1090","character":"@"},{"id":"ev-1091","character":"a"},{"id":"ev-1092","character":"p"},{"id":"ev-1093","character":"p"},{"id":"ev-1094","character":"."},{"id":"ev-1095","character":"r"},{"id":"ev-1096","character":"o"},{"id":"ev-1097","character":"u"},{"id":"ev-1098","character":"t"},{"id":"ev-1099","character":"e"},{"id":"ev-1100","character":"("},{"id":"ev-1101","character":"\""},{"id":"ev-1102","character":"/"},{"id":"ev-1103","character":"c"},{"id":"ev-1104","character":"s"},{"id":"ev-1105","character":"s"},{"id":"ev-1106","character":"t"},{"id":"ev-1107","character":"u"},{"id":"ev-1108","character":"d"},{"id":"ev-1109","character":"e"},{"id":"ev-1110","character":"n"},{"id":"ev-1111","character":"t"},{"id":"ev-1112","character":"/"},{"id":"ev-1113","character":"<"},{"id":"ev-1114","character":"n"},{"id":"ev-1115","character":"a"},{"id":"ev-1116","character":"m"},{"id":"ev-1117","character":"e"},{"id":"ev-1118","character":">"},{"id":"ev-1119","character":"/"},{"id":"ev-1120","character":"h"},{"id":"ev-1121","character":"e"},{"id":"ev-1122","character":"i"},{"id":"ev-1123","character":"g"},{"id":"ev-1124","character":"h"},{"id":"ev-1125","character":"t"},{"id":"ev-1126","character":"I"},{"id":"ev-1127","character":"n"},{"id":"ev-1128","character":"I"},{"id":"ev-1129","character":"n"},{"id":"ev-1130","character":"c"},{"id":"ev-1131","character":"h"},{"id":"ev-1132","character":"e"},{"id":"ev-1133","character":"s"},{"id":"ev-1134","character":"/"},{"id":"ev-1135","character":"<"},{"id":"ev-1136","character":"f"},{"id":"ev-1137","character":"l"},{"id":"ev-1138","character":"o"},{"id":"ev-1139","character":"a"},{"id":"ev-1140","character":"t"},{"id":"ev-1141","character":":"},{"id":"ev-1142","character":"h"},{"id":"ev-1143","character":"e"},{"id":"ev-1144","character":"i"},{"id":"ev-1145","character":"g"},{"id":"ev-1146","character":"h"},{"id":"ev-1147","character":"t"},{"id":"ev-1148","character":">"},{"id":"ev-1149","character":"\""},{"id":"ev-1150","character":")"},{"id":"ev-1151","character":"NEWLINE"}],[{"id":"ev-1152","character":"d"},{"id":"ev-1153","character":"e"},{"id":"ev-1154","character":"f"},{"id":"ev-1155","character":" "},{"id":"ev-1156","character":"s"},{"id":"ev-1157","character":"h"},{"id":"ev-1158","character":"o"},{"id":"ev-1159","character":"w"},{"id":"ev-1160","character":"S"},{"id":"ev-1161","character":"t"},{"id":"ev-1162","character":"u"},{"id":"ev-1163","character":"d"},{"id":"ev-1164","character":"e"},{"id":"ev-1165","character":"n"},{"id":"ev-1166","character":"t"},{"id":"ev-1167","character":"N"},{"id":"ev-1168","character":"a"},{"id":"ev-1169","character":"m"},{"id":"ev-1170","character":"e"},{"id":"ev-1171","character":"A"},{"id":"ev-1172","character":"n"},{"id":"ev-1173","character":"d"},{"id":"ev-1174","character":"H"},{"id":"ev-1175","character":"e"},{"id":"ev-1176","character":"i"},{"id":"ev-1177","character":"g"},{"id":"ev-1178","character":"h"},{"id":"ev-1179","character":"t"},{"id":"ev-1180","character":"("},{"id":"ev-1181","character":"n"},{"id":"ev-1182","character":"a"},{"id":"ev-1183","character":"m"},{"id":"ev-1184","character":"e"},{"id":"ev-1185","character":","},{"id":"ev-1186","character":" "},{"id":"ev-1187","character":"h"},{"id":"ev-1188","character":"e"},{"id":"ev-1189","character":"i"},{"id":"ev-1190","character":"g"},{"id":"ev-1191","character":"h"},{"id":"ev-1192","character":"t"},{"id":"ev-1193","character":")"},{"id":"ev-1194","character":":"},{"id":"ev-1195","character":"NEWLINE"}],[{"id":"ev-1196","character":" "},{"id":"ev-1197","character":" "},{"id":"ev-1198","character":" "},{"id":"ev-1199","character":" "},{"id":"ev-1200","character":"#"},{"id":"ev-1201","character":"c"},{"id":"ev-1202","character":"o"},{"id":"ev-1203","character":"n"},{"id":"ev-1204","character":"v"},{"id":"ev-1205","character":"e"},{"id":"ev-1206","character":"r"},{"id":"ev-1207","character":"t"},{"id":"ev-1208","character":" "},{"id":"ev-1209","character":"h"},{"id":"ev-1210","character":"e"},{"id":"ev-1211","character":"i"},{"id":"ev-1212","character":"g"},{"id":"ev-1213","character":"h"},{"id":"ev-1214","character":"t"},{"id":"ev-1215","character":" "},{"id":"ev-1216","character":"i"},{"id":"ev-1217","character":"n"},{"id":"ev-1218","character":" "},{"id":"ev-1219","character":"i"},{"id":"ev-1220","character":"n"},{"id":"ev-1221","character":"c"},{"id":"ev-1222","character":"h"},{"id":"ev-1223","character":"e"},{"id":"ev-1224","character":"s"},{"id":"ev-1225","character":" "},{"id":"ev-1226","character":"t"},{"id":"ev-1227","character":"o"},{"id":"ev-1228","character":" "},{"id":"ev-1229","character":"w"},{"id":"ev-1230","character":"h"},{"id":"ev-1231","character":"o"},{"id":"ev-1232","character":"l"},{"id":"ev-1233","character":"e"},{"id":"ev-1234","character":" "},{"id":"ev-1235","character":"f"},{"id":"ev-1236","character":"e"},{"id":"ev-1237","character":"e"},{"id":"ev-1238","character":"t"},{"id":"ev-1239","character":" "},{"id":"ev-1240","character":"a"},{"id":"ev-1241","character":"n"},{"id":"ev-1242","character":"d"},{"id":"ev-1243","character":" "},{"id":"ev-1244","character":"i"},{"id":"ev-1245","character":"n"},{"id":"ev-1246","character":"c"},{"id":"ev-1247","character":"h"},{"id":"ev-1248","character":"e"},{"id":"ev-1249","character":"s"},{"id":"ev-1250","character":"NEWLINE"}],[{"id":"ev-1251","character":" "},{"id":"ev-1252","character":" "},{"id":"ev-1253","character":" "},{"id":"ev-1254","character":" "},{"id":"ev-1255","character":"f"},{"id":"ev-1256","character":"e"},{"id":"ev-1257","character":"e"},{"id":"ev-1258","character":"t"},{"id":"ev-1259","character":" "},{"id":"ev-1260","character":"="},{"id":"ev-1261","character":" "},{"id":"ev-1262","character":"h"},{"id":"ev-1263","character":"e"},{"id":"ev-1264","character":"i"},{"id":"ev-1265","character":"g"},{"id":"ev-1266","character":"h"},{"id":"ev-1267","character":"t"},{"id":"ev-1268","character":" "},{"id":"ev-1269","character":"/"},{"id":"ev-1270","character":"/"},{"id":"ev-1271","character":" "},{"id":"ev-1272","character":"1"},{"id":"ev-1273","character":"2"},{"id":"ev-1274","character":"NEWLINE"}],[{"id":"ev-1275","character":" "},{"id":"ev-1276","character":" "},{"id":"ev-1277","character":" "},{"id":"ev-1278","character":" "},{"id":"ev-1279","character":"i"},{"id":"ev-1280","character":"n"},{"id":"ev-1281","character":"c"},{"id":"ev-1282","character":"h"},{"id":"ev-1283","character":"e"},{"id":"ev-1284","character":"s"},{"id":"ev-1285","character":" "},{"id":"ev-1286","character":"="},{"id":"ev-1287","character":" "},{"id":"ev-1288","character":"h"},{"id":"ev-1289","character":"e"},{"id":"ev-1290","character":"i"},{"id":"ev-1291","character":"g"},{"id":"ev-1292","character":"h"},{"id":"ev-1293","character":"t"},{"id":"ev-1294","character":" "},{"id":"ev-1295","character":"%"},{"id":"ev-1296","character":" "},{"id":"ev-1297","character":"1"},{"id":"ev-1298","character":"2"},{"id":"ev-1299","character":"NEWLINE"}],[{"id":"ev-1300","character":" "},{"id":"ev-1301","character":" "},{"id":"ev-1302","character":" "},{"id":"ev-1303","character":" "},{"id":"ev-1304","character":"r"},{"id":"ev-1305","character":"e"},{"id":"ev-1306","character":"t"},{"id":"ev-1307","character":"u"},{"id":"ev-1308","character":"r"},{"id":"ev-1309","character":"n"},{"id":"ev-1310","character":" "},{"id":"ev-1311","character":"f"},{"id":"ev-1312","character":"\""},{"id":"ev-1313","character":"{"},{"id":"ev-1314","character":"n"},{"id":"ev-1315","character":"a"},{"id":"ev-1316","character":"m"},{"id":"ev-1317","character":"e"},{"id":"ev-1318","character":"}"},{"id":"ev-1319","character":" "},{"id":"ev-1320","character":"i"},{"id":"ev-1321","character":"s"},{"id":"ev-1322","character":" "},{"id":"ev-1323","character":"a"},{"id":"ev-1324","character":" "},{"id":"ev-1325","character":"{"},{"id":"ev-1326","character":"i"},{"id":"ev-1327","character":"n"},{"id":"ev-1328","character":"t"},{"id":"ev-1329","character":"("},{"id":"ev-1330","character":"f"},{"id":"ev-1331","character":"e"},{"id":"ev-1332","character":"e"},{"id":"ev-1333","character":"t"},{"id":"ev-1334","character":")"},{"id":"ev-1335","character":"}"},{"id":"ev-1336","character":"'"},{"id":"ev-1337","character":"{"},{"id":"ev-1338","character":"i"},{"id":"ev-1339","character":"n"},{"id":"ev-1340","character":"c"},{"id":"ev-1341","character":"h"},{"id":"ev-1342","character":"e"},{"id":"ev-1343","character":"s"},{"id":"ev-1344","character":"}"},{"id":"ev-1345","character":"\\"},{"id":"ev-1346","character":"\""},{"id":"ev-1347","character":" "},{"id":"ev-1348","character":"t"},{"id":"ev-1349","character":"a"},{"id":"ev-1350","character":"l"},{"id":"ev-1351","character":"l"},{"id":"ev-1352","character":" "},{"id":"ev-1353","character":"f"},{"id":"ev-1354","character":"i"},{"id":"ev-1355","character":"n"},{"id":"ev-1356","character":"e"},{"id":"ev-1357","character":" "},{"id":"ev-1358","character":"C"},{"id":"ev-1359","character":"S"},{"id":"ev-1360","character":" "},{"id":"ev-1361","character":"s"},{"id":"ev-1362","character":"t"},{"id":"ev-1363","character":"u"},{"id":"ev-1364","character":"d"},{"id":"ev-1365","character":"e"},{"id":"ev-1366","character":"n"},{"id":"ev-1367","character":"t"},{"id":"ev-1368","character":"!"},{"id":"ev-1369","character":"\""},{"id":"ev-1370","character":"NEWLINE"}],[{"id":"ev-1397","character":"NEWLINE"}],[{"id":"ev-1398","character":"@"},{"id":"ev-1399","character":"a"},{"id":"ev-1400","character":"p"},{"id":"ev-1401","character":"p"},{"id":"ev-1402","character":"."},{"id":"ev-1403","character":"r"},{"id":"ev-1404","character":"o"},{"id":"ev-1405","character":"u"},{"id":"ev-1406","character":"t"},{"id":"ev-1407","character":"e"},{"id":"ev-1408","character":"("},{"id":"ev-1409","character":"\""},{"id":"ev-1410","character":"/"},{"id":"ev-1411","character":"c"},{"id":"ev-1412","character":"s"},{"id":"ev-1413","character":"s"},{"id":"ev-1414","character":"t"},{"id":"ev-1415","character":"u"},{"id":"ev-1416","character":"d"},{"id":"ev-1417","character":"e"},{"id":"ev-1418","character":"n"},{"id":"ev-1419","character":"t"},{"id":"ev-1420","character":"\""},{"id":"ev-1421","character":","},{"id":"ev-1422","character":" "},{"id":"ev-1423","character":"m"},{"id":"ev-1424","character":"e"},{"id":"ev-1425","character":"t"},{"id":"ev-1426","character":"h"},{"id":"ev-1427","character":"o"},{"id":"ev-1428","character":"d"},{"id":"ev-1429","character":"s"},{"id":"ev-1430","character":" "},{"id":"ev-1431","character":"="},{"id":"ev-1432","character":" "},{"id":"ev-1433","character":"["},{"id":"ev-1434","character":"\""},{"id":"ev-1435","character":"P"},{"id":"ev-1436","character":"O"},{"id":"ev-1437","character":"S"},{"id":"ev-1438","character":"T"},{"id":"ev-1439","character":"\""},{"id":"ev-1440","character":"]"},{"id":"ev-1441","character":")"},{"id":"ev-1442","character":"NEWLINE"}],[{"id":"ev-1443","character":"d"},{"id":"ev-1444","character":"e"},{"id":"ev-1445","character":"f"},{"id":"ev-1446","character":" "},{"id":"ev-1447","character":"p"},{"id":"ev-1448","character":"o"},{"id":"ev-1449","character":"s"},{"id":"ev-1450","character":"t"},{"id":"ev-1451","character":"D"},{"id":"ev-1452","character":"a"},{"id":"ev-1453","character":"t"},{"id":"ev-1454","character":"a"},{"id":"ev-1455","character":"("},{"id":"ev-1456","character":")"},{"id":"ev-1457","character":":"},{"id":"ev-1458","character":"NEWLINE"}],[{"id":"ev-1459","character":" "},{"id":"ev-1460","character":" "},{"id":"ev-1461","character":" "},{"id":"ev-1462","character":" "},{"id":"ev-1463","character":"n"},{"id":"ev-1464","character":"a"},{"id":"ev-1465","character":"m"},{"id":"ev-1466","character":"e"},{"id":"ev-1467","character":" "},{"id":"ev-1468","character":"="},{"id":"ev-1469","character":" "},{"id":"ev-1470","character":"r"},{"id":"ev-1471","character":"e"},{"id":"ev-1472","character":"q"},{"id":"ev-1473","character":"u"},{"id":"ev-1474","character":"e"},{"id":"ev-1475","character":"s"},{"id":"ev-1476","character":"t"},{"id":"ev-1477","character":"."},{"id":"ev-1478","character":"f"},{"id":"ev-1479","character":"o"},{"id":"ev-1480","character":"r"},{"id":"ev-1481","character":"m"},{"id":"ev-1482","character":"["},{"id":"ev-1483","character":"\""},{"id":"ev-1484","character":"n"},{"id":"ev-1485","character":"a"},{"id":"ev-1486","character":"m"},{"id":"ev-1487","character":"e"},{"id":"ev-1488","character":"\""},{"id":"ev-1489","character":"]"},{"id":"ev-1490","character":"NEWLINE"}],[{"id":"ev-1491","character":" "},{"id":"ev-1492","character":" "},{"id":"ev-1493","character":" "},{"id":"ev-1494","character":" "},{"id":"ev-1495","character":"a"},{"id":"ev-1496","character":"g"},{"id":"ev-1497","character":"e"},{"id":"ev-1498","character":" "},{"id":"ev-1499","character":"="},{"id":"ev-1500","character":" "},{"id":"ev-1501","character":"r"},{"id":"ev-1502","character":"e"},{"id":"ev-1503","character":"q"},{"id":"ev-1504","character":"u"},{"id":"ev-1505","character":"e"},{"id":"ev-1506","character":"s"},{"id":"ev-1507","character":"t"},{"id":"ev-1508","character":"."},{"id":"ev-1509","character":"f"},{"id":"ev-1510","character":"o"},{"id":"ev-1511","character":"r"},{"id":"ev-1512","character":"m"},{"id":"ev-1513","character":"["},{"id":"ev-1514","character":"\""},{"id":"ev-1515","character":"a"},{"id":"ev-1516","character":"g"},{"id":"ev-1517","character":"e"},{"id":"ev-1518","character":"\""},{"id":"ev-1519","character":"]"},{"id":"ev-1520","character":"NEWLINE"}],[{"id":"ev-1521","character":"NEWLINE"}],[{"id":"ev-1522","character":" "},{"id":"ev-1523","character":" "},{"id":"ev-1524","character":" "},{"id":"ev-1525","character":" "},{"id":"ev-1526","character":"r"},{"id":"ev-1527","character":"e"},{"id":"ev-1528","character":"t"},{"id":"ev-1529","character":"u"},{"id":"ev-1530","character":"r"},{"id":"ev-1531","character":"n"},{"id":"ev-1532","character":" "},{"id":"ev-1533","character":"f"},{"id":"ev-1534","character":"\""},{"id":"ev-1535","character":"{"},{"id":"ev-1536","character":"n"},{"id":"ev-1537","character":"a"},{"id":"ev-1538","character":"m"},{"id":"ev-1539","character":"e"},{"id":"ev-1540","character":"}"},{"id":"ev-1541","character":" "},{"id":"ev-1542","character":"i"},{"id":"ev-1543","character":"s"},{"id":"ev-1544","character":" "},{"id":"ev-1545","character":"{"},{"id":"ev-1546","character":"a"},{"id":"ev-1547","character":"g"},{"id":"ev-1548","character":"e"},{"id":"ev-1549","character":"}"},{"id":"ev-1550","character":" "},{"id":"ev-1551","character":"y"},{"id":"ev-1552","character":"e"},{"id":"ev-1553","character":"a"},{"id":"ev-1554","character":"r"},{"id":"ev-1555","character":"s"},{"id":"ev-1556","character":" "},{"id":"ev-1557","character":"o"},{"id":"ev-1558","character":"l"},{"id":"ev-1559","character":"d"},{"id":"ev-1560","character":" "},{"id":"ev-1561","character":"a"},{"id":"ev-1562","character":"n"},{"id":"ev-1563","character":"d"},{"id":"ev-1564","character":" "},{"id":"ev-1565","character":"i"},{"id":"ev-1566","character":"s"},{"id":"ev-1567","character":" "},{"id":"ev-1568","character":"a"},{"id":"ev-1569","character":" "},{"id":"ev-1570","character":"f"},{"id":"ev-1571","character":"i"},{"id":"ev-1572","character":"n"},{"id":"ev-1573","character":"e"},{"id":"ev-1574","character":" "},{"id":"ev-1575","character":"C"},{"id":"ev-1576","character":"S"},{"id":"ev-1577","character":" "},{"id":"ev-1578","character":"s"},{"id":"ev-1579","character":"t"},{"id":"ev-1580","character":"u"},{"id":"ev-1581","character":"d"},{"id":"ev-1582","character":"e"},{"id":"ev-1583","character":"n"},{"id":"ev-1584","character":"t"},{"id":"ev-1585","character":"!"},{"id":"ev-1586","character":"\""},{"id":"ev-1587","character":"NEWLINE"}],[{"id":"ev-1869","character":"NEWLINE"}],[{"id":"ev-1870","character":"@"},{"id":"ev-1871","character":"a"},{"id":"ev-1872","character":"p"},{"id":"ev-1873","character":"p"},{"id":"ev-1874","character":"."},{"id":"ev-1875","character":"r"},{"id":"ev-1876","character":"o"},{"id":"ev-1877","character":"u"},{"id":"ev-1878","character":"t"},{"id":"ev-1879","character":"e"},{"id":"ev-1880","character":"("},{"id":"ev-1881","character":"\""},{"id":"ev-1882","character":"/"},{"id":"ev-1883","character":"c"},{"id":"ev-1884","character":"s"},{"id":"ev-1885","character":"s"},{"id":"ev-1886","character":"t"},{"id":"ev-1887","character":"u"},{"id":"ev-1888","character":"d"},{"id":"ev-1889","character":"e"},{"id":"ev-1890","character":"n"},{"id":"ev-1891","character":"t"},{"id":"ev-1892","character":"\""},{"id":"ev-1893","character":")"},{"id":"ev-1894","character":"NEWLINE"}],[{"id":"ev-1895","character":"d"},{"id":"ev-1896","character":"e"},{"id":"ev-1897","character":"f"},{"id":"ev-1898","character":" "},{"id":"ev-1899","character":"s"},{"id":"ev-1900","character":"h"},{"id":"ev-1901","character":"o"},{"id":"ev-1902","character":"w"},{"id":"ev-1903","character":"S"},{"id":"ev-1904","character":"t"},{"id":"ev-1905","character":"u"},{"id":"ev-1906","character":"d"},{"id":"ev-1907","character":"e"},{"id":"ev-1908","character":"n"},{"id":"ev-1909","character":"t"},{"id":"ev-1910","character":"N"},{"id":"ev-1911","character":"a"},{"id":"ev-1912","character":"m"},{"id":"ev-1913","character":"e"},{"id":"ev-1914","character":"A"},{"id":"ev-1915","character":"n"},{"id":"ev-1916","character":"d"},{"id":"ev-1917","character":"A"},{"id":"ev-1918","character":"g"},{"id":"ev-1919","character":"e"},{"id":"ev-1920","character":"F"},{"id":"ev-1921","character":"r"},{"id":"ev-1922","character":"o"},{"id":"ev-1923","character":"m"},{"id":"ev-1924","character":"Q"},{"id":"ev-1925","character":"u"},{"id":"ev-1926","character":"e"},{"id":"ev-1927","character":"r"},{"id":"ev-1928","character":"y"},{"id":"ev-1929","character":"P"},{"id":"ev-1930","character":"a"},{"id":"ev-1931","character":"r"},{"id":"ev-1932","character":"a"},{"id":"ev-1933","character":"m"},{"id":"ev-1934","character":"s"},{"id":"ev-1935","character":"("},{"id":"ev-1936","character":")"},{"id":"ev-1937","character":":"},{"id":"ev-1938","character":"NEWLINE"}],[{"id":"ev-1939","character":" "},{"id":"ev-1940","character":" "},{"id":"ev-1941","character":" "},{"id":"ev-1942","character":" "},{"id":"ev-1943","character":"n"},{"id":"ev-1944","character":"a"},{"id":"ev-1945","character":"m"},{"id":"ev-1946","character":"e"},{"id":"ev-1947","character":" "},{"id":"ev-1948","character":"="},{"id":"ev-1949","character":" "},{"id":"ev-1950","character":"r"},{"id":"ev-1951","character":"e"},{"id":"ev-1952","character":"q"},{"id":"ev-1953","character":"u"},{"id":"ev-1954","character":"e"},{"id":"ev-1955","character":"s"},{"id":"ev-1956","character":"t"},{"id":"ev-1957","character":"."},{"id":"ev-1958","character":"a"},{"id":"ev-1959","character":"r"},{"id":"ev-1960","character":"g"},{"id":"ev-1961","character":"s"},{"id":"ev-1962","character":"."},{"id":"ev-1963","character":"g"},{"id":"ev-1964","character":"e"},{"id":"ev-1965","character":"t"},{"id":"ev-1966","character":"("},{"id":"ev-1967","character":"\""},{"id":"ev-1968","character":"n"},{"id":"ev-1969","character":"a"},{"id":"ev-1970","character":"m"},{"id":"ev-1971","character":"e"},{"id":"ev-1972","character":"\""},{"id":"ev-1973","character":")"},{"id":"ev-1974","character":"NEWLINE"}],[{"id":"ev-1975","character":" "},{"id":"ev-1976","character":" "},{"id":"ev-1977","character":" "},{"id":"ev-1978","character":" "},{"id":"ev-1979","character":"a"},{"id":"ev-1980","character":"g"},{"id":"ev-1981","character":"e"},{"id":"ev-1982","character":" "},{"id":"ev-1983","character":"="},{"id":"ev-1984","character":" "},{"id":"ev-1985","character":"i"},{"id":"ev-1986","character":"n"},{"id":"ev-1987","character":"t"},{"id":"ev-1988","character":"("},{"id":"ev-1989","character":"r"},{"id":"ev-1990","character":"e"},{"id":"ev-1991","character":"q"},{"id":"ev-1992","character":"u"},{"id":"ev-1993","character":"e"},{"id":"ev-1994","character":"s"},{"id":"ev-1995","character":"t"},{"id":"ev-1996","character":"."},{"id":"ev-1997","character":"a"},{"id":"ev-1998","character":"r"},{"id":"ev-1999","character":"g"},{"id":"ev-2000","character":"s"},{"id":"ev-2001","character":"."},{"id":"ev-2002","character":"g"},{"id":"ev-2003","character":"e"},{"id":"ev-2004","character":"t"},{"id":"ev-2005","character":"("},{"id":"ev-2006","character":"\""},{"id":"ev-2007","character":"a"},{"id":"ev-2008","character":"g"},{"id":"ev-2009","character":"e"},{"id":"ev-2010","character":"\""},{"id":"ev-2011","character":")"},{"id":"ev-2012","character":")"},{"id":"ev-2013","character":"NEWLINE"}],[{"id":"ev-2014","character":"NEWLINE"}],[{"id":"ev-2015","character":" "},{"id":"ev-2016","character":" "},{"id":"ev-2017","character":" "},{"id":"ev-2018","character":" "},{"id":"ev-2019","character":"r"},{"id":"ev-2020","character":"e"},{"id":"ev-2021","character":"t"},{"id":"ev-2022","character":"u"},{"id":"ev-2023","character":"r"},{"id":"ev-2024","character":"n"},{"id":"ev-2025","character":" "},{"id":"ev-2026","character":"f"},{"id":"ev-2027","character":"\""},{"id":"ev-2028","character":"{"},{"id":"ev-2029","character":"n"},{"id":"ev-2030","character":"a"},{"id":"ev-2031","character":"m"},{"id":"ev-2032","character":"e"},{"id":"ev-2033","character":"}"},{"id":"ev-2034","character":" "},{"id":"ev-2035","character":"i"},{"id":"ev-2036","character":"s"},{"id":"ev-2037","character":" "},{"id":"ev-2038","character":"{"},{"id":"ev-2039","character":"a"},{"id":"ev-2040","character":"g"},{"id":"ev-2041","character":"e"},{"id":"ev-2042","character":"}"},{"id":"ev-2043","character":" "},{"id":"ev-2044","character":"y"},{"id":"ev-2045","character":"e"},{"id":"ev-2046","character":"a"},{"id":"ev-2047","character":"r"},{"id":"ev-2048","character":"s"},{"id":"ev-2049","character":" "},{"id":"ev-2050","character":"o"},{"id":"ev-2051","character":"l"},{"id":"ev-2052","character":"d"},{"id":"ev-2053","character":" "},{"id":"ev-2054","character":"a"},{"id":"ev-2055","character":"n"},{"id":"ev-2056","character":"d"},{"id":"ev-2057","character":" "},{"id":"ev-2058","character":"i"},{"id":"ev-2059","character":"s"},{"id":"ev-2060","character":" "},{"id":"ev-2061","character":"a"},{"id":"ev-2062","character":" "},{"id":"ev-2063","character":"f"},{"id":"ev-2064","character":"i"},{"id":"ev-2065","character":"n"},{"id":"ev-2066","character":"e"},{"id":"ev-2067","character":" "},{"id":"ev-2068","character":"C"},{"id":"ev-2069","character":"S"},{"id":"ev-2070","character":" "},{"id":"ev-2071","character":"s"},{"id":"ev-2072","character":"t"},{"id":"ev-2073","character":"u"},{"id":"ev-2074","character":"d"},{"id":"ev-2075","character":"e"},{"id":"ev-2076","character":"n"},{"id":"ev-2077","character":"t"},{"id":"ev-2078","character":"!"},{"id":"ev-2079","character":"\""},{"id":"ev-2080","character":"NEWLINE"}],[{"id":"ev-1588","character":"NEWLINE"}],[{"id":"ev-1589","character":"@"},{"id":"ev-1590","character":"a"},{"id":"ev-1591","character":"p"},{"id":"ev-1592","character":"p"},{"id":"ev-1593","character":"."},{"id":"ev-1594","character":"r"},{"id":"ev-1595","character":"o"},{"id":"ev-1596","character":"u"},{"id":"ev-1597","character":"t"},{"id":"ev-1598","character":"e"},{"id":"ev-1599","character":"("},{"id":"ev-1600","character":"\""},{"id":"ev-1601","character":"/"},{"id":"ev-1602","character":"c"},{"id":"ev-1603","character":"s"},{"id":"ev-1604","character":"s"},{"id":"ev-1605","character":"t"},{"id":"ev-1606","character":"u"},{"id":"ev-1607","character":"d"},{"id":"ev-1608","character":"e"},{"id":"ev-1609","character":"n"},{"id":"ev-1610","character":"t"},{"id":"ev-1611","character":"/"},{"id":"ev-1612","character":"g"},{"id":"ev-1613","character":"e"},{"id":"ev-1614","character":"t"},{"id":"ev-1615","character":"A"},{"id":"ev-1616","character":"g"},{"id":"ev-1617","character":"e"},{"id":"ev-1618","character":"\""},{"id":"ev-1619","character":","},{"id":"ev-1620","character":" "},{"id":"ev-1621","character":"m"},{"id":"ev-1622","character":"e"},{"id":"ev-1623","character":"t"},{"id":"ev-1624","character":"h"},{"id":"ev-1625","character":"o"},{"id":"ev-1626","character":"d"},{"id":"ev-1627","character":"s"},{"id":"ev-1628","character":" "},{"id":"ev-1629","character":"="},{"id":"ev-1630","character":" "},{"id":"ev-1631","character":"["},{"id":"ev-1632","character":"\""},{"id":"ev-1633","character":"P"},{"id":"ev-1634","character":"O"},{"id":"ev-1635","character":"S"},{"id":"ev-1636","character":"T"},{"id":"ev-1637","character":"\""},{"id":"ev-1638","character":"]"},{"id":"ev-1639","character":")"},{"id":"ev-1640","character":"NEWLINE"}],[{"id":"ev-1641","character":"d"},{"id":"ev-1642","character":"e"},{"id":"ev-1643","character":"f"},{"id":"ev-1644","character":" "},{"id":"ev-1645","character":"g"},{"id":"ev-1646","character":"e"},{"id":"ev-1647","character":"t"},{"id":"ev-1648","character":"_"},{"id":"ev-1649","character":"a"},{"id":"ev-1650","character":"g"},{"id":"ev-1651","character":"e"},{"id":"ev-1652","character":"_"},{"id":"ev-1653","character":"i"},{"id":"ev-1654","character":"n"},{"id":"ev-1655","character":"_"},{"id":"ev-1656","character":"f"},{"id":"ev-1657","character":"u"},{"id":"ev-1658","character":"t"},{"id":"ev-1659","character":"u"},{"id":"ev-1660","character":"r"},{"id":"ev-1661","character":"e"},{"id":"ev-1662","character":"("},{"id":"ev-1663","character":")"},{"id":"ev-1664","character":":"},{"id":"ev-1665","character":"NEWLINE"}],[{"id":"ev-1666","character":" "},{"id":"ev-1667","character":" "},{"id":"ev-1668","character":" "},{"id":"ev-1669","character":" "},{"id":"ev-1670","character":"c"},{"id":"ev-1671","character":"u"},{"id":"ev-1672","character":"r"},{"id":"ev-1673","character":"r"},{"id":"ev-1674","character":"e"},{"id":"ev-1675","character":"n"},{"id":"ev-1676","character":"t"},{"id":"ev-1677","character":"A"},{"id":"ev-1678","character":"g"},{"id":"ev-1679","character":"e"},{"id":"ev-1680","character":" "},{"id":"ev-1681","character":"="},{"id":"ev-1682","character":" "},{"id":"ev-1683","character":"i"},{"id":"ev-1684","character":"n"},{"id":"ev-1685","character":"t"},{"id":"ev-1686","character":"("},{"id":"ev-1687","character":"r"},{"id":"ev-1688","character":"e"},{"id":"ev-1689","character":"q"},{"id":"ev-1690","character":"u"},{"id":"ev-1691","character":"e"},{"id":"ev-1692","character":"s"},{"id":"ev-1693","character":"t"},{"id":"ev-1694","character":"."},{"id":"ev-1695","character":"f"},{"id":"ev-1696","character":"o"},{"id":"ev-1697","character":"r"},{"id":"ev-1698","character":"m"},{"id":"ev-1699","character":"["},{"id":"ev-1700","character":"\""},{"id":"ev-1701","character":"a"},{"id":"ev-1702","character":"g"},{"id":"ev-1703","character":"e"},{"id":"ev-1704","character":"\""},{"id":"ev-1705","character":"]"},{"id":"ev-1706","character":")"},{"id":"ev-1707","character":"NEWLINE"}],[{"id":"ev-1708","character":" "},{"id":"ev-1709","character":" "},{"id":"ev-1710","character":" "},{"id":"ev-1711","character":" "},{"id":"ev-1712","character":"a"},{"id":"ev-1713","character":"d"},{"id":"ev-1714","character":"d"},{"id":"ev-1715","character":"i"},{"id":"ev-1716","character":"t"},{"id":"ev-1717","character":"i"},{"id":"ev-1718","character":"o"},{"id":"ev-1719","character":"n"},{"id":"ev-1720","character":"a"},{"id":"ev-1721","character":"l"},{"id":"ev-1722","character":"Y"},{"id":"ev-1723","character":"e"},{"id":"ev-1724","character":"a"},{"id":"ev-1725","character":"r"},{"id":"ev-1726","character":"s"},{"id":"ev-1727","character":" "},{"id":"ev-1728","character":"="},{"id":"ev-1729","character":" "},{"id":"ev-1730","character":"i"},{"id":"ev-1731","character":"n"},{"id":"ev-1732","character":"t"},{"id":"ev-1733","character":"("},{"id":"ev-1734","character":"r"},{"id":"ev-1735","character":"e"},{"id":"ev-1736","character":"q"},{"id":"ev-1737","character":"u"},{"id":"ev-1738","character":"e"},{"id":"ev-1739","character":"s"},{"id":"ev-1740","character":"t"},{"id":"ev-1741","character":"."},{"id":"ev-1742","character":"f"},{"id":"ev-1743","character":"o"},{"id":"ev-1744","character":"r"},{"id":"ev-1745","character":"m"},{"id":"ev-1746","character":"["},{"id":"ev-1747","character":"\""},{"id":"ev-1748","character":"a"},{"id":"ev-1749","character":"d"},{"id":"ev-1750","character":"d"},{"id":"ev-1751","character":"i"},{"id":"ev-1752","character":"t"},{"id":"ev-1753","character":"i"},{"id":"ev-1754","character":"o"},{"id":"ev-1755","character":"n"},{"id":"ev-1756","character":"a"},{"id":"ev-1757","character":"l"},{"id":"ev-1758","character":"Y"},{"id":"ev-1759","character":"e"},{"id":"ev-1760","character":"a"},{"id":"ev-1761","character":"r"},{"id":"ev-1762","character":"s"},{"id":"ev-1763","character":"\""},{"id":"ev-1764","character":"]"},{"id":"ev-1765","character":")"},{"id":"ev-1766","character":"NEWLINE"}],[{"id":"ev-1767","character":"NEWLINE"}],[{"id":"ev-1768","character":" "},{"id":"ev-1769","character":" "},{"id":"ev-1770","character":" "},{"id":"ev-1771","character":" "},{"id":"ev-1772","character":"r"},{"id":"ev-1773","character":"e"},{"id":"ev-1774","character":"t"},{"id":"ev-1775","character":"V"},{"id":"ev-1776","character":"a"},{"id":"ev-1777","character":"l"},{"id":"ev-1778","character":" "},{"id":"ev-1779","character":"="},{"id":"ev-1780","character":" "},{"id":"ev-1781","character":"{"},{"id":"ev-1782","character":"\""},{"id":"ev-1783","character":"o"},{"id":"ev-1784","character":"r"},{"id":"ev-1785","character":"i"},{"id":"ev-1786","character":"g"},{"id":"ev-1787","character":"i"},{"id":"ev-1788","character":"n"},{"id":"ev-1789","character":"a"},{"id":"ev-1790","character":"l"},{"id":"ev-1791","character":"A"},{"id":"ev-1792","character":"g"},{"id":"ev-1793","character":"e"},{"id":"ev-1794","character":"\""},{"id":"ev-1795","character":":"},{"id":"ev-1796","character":" "},{"id":"ev-1797","character":"c"},{"id":"ev-1798","character":"u"},{"id":"ev-1799","character":"r"},{"id":"ev-1800","character":"r"},{"id":"ev-1801","character":"e"},{"id":"ev-1802","character":"n"},{"id":"ev-1803","character":"t"},{"id":"ev-1804","character":"A"},{"id":"ev-1805","character":"g"},{"id":"ev-1806","character":"e"},{"id":"ev-1807","character":","},{"id":"ev-1808","character":" "},{"id":"ev-1809","character":"\""},{"id":"ev-1810","character":"n"},{"id":"ev-1811","character":"e"},{"id":"ev-1812","character":"w"},{"id":"ev-1813","character":"A"},{"id":"ev-1814","character":"g"},{"id":"ev-1815","character":"e"},{"id":"ev-1816","character":"\""},{"id":"ev-1817","character":":"},{"id":"ev-1818","character":" "},{"id":"ev-1819","character":"("},{"id":"ev-1820","character":"c"},{"id":"ev-1821","character":"u"},{"id":"ev-1822","character":"r"},{"id":"ev-1823","character":"r"},{"id":"ev-1824","character":"e"},{"id":"ev-1825","character":"n"},{"id":"ev-1826","character":"t"},{"id":"ev-1827","character":"A"},{"id":"ev-1828","character":"g"},{"id":"ev-1829","character":"e"},{"id":"ev-1830","character":" "},{"id":"ev-1831","character":"+"},{"id":"ev-1832","character":" "},{"id":"ev-1833","character":"a"},{"id":"ev-1834","character":"d"},{"id":"ev-1835","character":"d"},{"id":"ev-1836","character":"i"},{"id":"ev-1837","character":"t"},{"id":"ev-1838","character":"i"},{"id":"ev-1839","character":"o"},{"id":"ev-1840","character":"n"},{"id":"ev-1841","character":"a"},{"id":"ev-1842","character":"l"},{"id":"ev-1843","character":"Y"},{"id":"ev-1844","character":"e"},{"id":"ev-1845","character":"a"},{"id":"ev-1846","character":"r"},{"id":"ev-1847","character":"s"},{"id":"ev-1848","character":")"},{"id":"ev-1849","character":"}"},{"id":"ev-1850","character":"NEWLINE"}],[{"id":"ev-1851","character":" "},{"id":"ev-1852","character":" "},{"id":"ev-1853","character":" "},{"id":"ev-1854","character":" "},{"id":"ev-1855","character":"r"},{"id":"ev-1856","character":"e"},{"id":"ev-1857","character":"t"},{"id":"ev-1858","character":"u"},{"id":"ev-1859","character":"r"},{"id":"ev-1860","character":"n"},{"id":"ev-1861","character":" "},{"id":"ev-1862","character":"r"},{"id":"ev-1863","character":"e"},{"id":"ev-1864","character":"t"},{"id":"ev-1865","character":"V"},{"id":"ev-1866","character":"a"},{"id":"ev-1867","character":"l"},{"id":"ev-1868","character":"NEWLINE"}],[]]}},"allDirs":{"dirId-0":{"parentDirectoryId":null,"currentPath":"/","isDeleted":"false","id":"dirId-0"}},"pathToFileIdMap":{"/firstApp.py":"fileId-0"},"pathToDirIdMap":{"/":"dirId-0"},"fileAutoGeneratedId":1,"directoryAutoGeneratedId":1}