{"comments":{"ev-0":[{"id":"commentId-0","commentTags":[],"displayCommentEvent":{"id":"ev-0","timestamp":1605129385638,"createdByDevGroupId":"devGroupId-1","eventSequenceNumber":0,"permanentRelevance":"never relevant","type":"CREATE DIRECTORY","directoryId":"dirId-0","directoryPath":"/","parentDirectoryId":null},"developerGroupId":"devGroupId-1","timestamp":1605203347620,"commentText":"Flask is a micro-web framework that is used for serving web pages and handling other <a href=\"https://en.wikipedia.org/wiki/Hypertext_Transfer_Protocol#Request_methods\">http requests</a>. Flask allows you to serve web pages and return <a href=\"https://www.json.org/json-en.html\">JSON</a> data from python code.<br><br><div>Flask docs: <a href=\"https://flask.palletsprojects.com/en/1.1.x/\">https://flask.palletsprojects.com/en/1.1.x/</a></div><div><br></div><div>A\n Flask app usually manages many dependencies (downloaded libraries that \nare useful to the app). It is so easy to create Flask apps that it is \nnot unusual to develop multiple apps on the same machine. With many \nseparate Flask apps on the same machine it is possible that new \ndependencies can break old apps. <br></div><div><br></div><div>It is possible to do a single global install of Flask on your machine \nbut it makes more sense to create ‘virtual environments’ for each app that you create. Virtual environments are \nindependent installs of Flask along with the app’s dependencies. <br></div><div><br>A virtual environment is a self\n contained instance of a Flask install with all of its dependencies. \nThere is no risk of breaking a previously working app when you use \nvirtual environments.<br><br>To create a virtual environment follow these steps:<br>- Create a new directory to hold your Flask app and move into it<br><font face=\"Courier\">&nbsp;&nbsp;&nbsp; &gt; mkdir demo<br>&nbsp;&nbsp;&nbsp; &gt; cd demo<br></font><br></div><div>- Use a command to create a virtual environment:<br><font face=\"Courier\">&nbsp;&nbsp;&nbsp; &gt; python3 -m venv venv</font><br></div><div><br></div><div>- Activate the environment<br><font face=\"Courier\">&nbsp;&nbsp;&nbsp; &gt; . venv/bin/activate</font><br></div><div><br></div><div>- Install Flask in the virtual environment. <font face=\"Courier\">pip</font>\n is a Python package manager that helps you download and manage Python \nlibraries. I can get the Flask library by requesting it with the <font face=\"Courier\">pip</font> program:<br><font face=\"Courier\">&nbsp;&nbsp;&nbsp; &gt; pip install Flask</font><br><br>These\n are the steps when creating a brand new Flask app. Whenever you are \ncoming back to work on a Flask project that you have previously created \nyou will have to reactivate the virtual environment with step 3:<br><font face=\"Courier\">&nbsp;&nbsp;&nbsp; &gt; cd demo<br>&nbsp;&nbsp;&nbsp; &gt; . venv/bin/activate</font><br></div>","selectedCodeBlocks":[],"imageURLs":[],"videoURLs":[],"audioURLs":[],"linesAbove":"","linesBelow":"","currentFilePath":"","viewableBlogText":"","questionCommentData":null}],"ev-147":[{"id":"commentId-1","commentTags":[],"displayCommentEvent":{"id":"ev-147","timestamp":1605129513998,"createdByDevGroupId":"devGroupId-2","eventSequenceNumber":147,"type":"INSERT","fileId":"fileId-0","character":"NEWLINE","previousNeighborId":"ev-146","lineNumber":6,"column":71,"pastedEventId":"other"},"developerGroupId":"devGroupId-2","timestamp":1605130496653,"commentText":"A Flask app can live in a single Python file. I import the <font face=\"Courier\">flask</font> library and use the <font face=\"Courier\">Flask</font> class to create a full featured http server application called <font face=\"Courier\">app</font>.<br>","selectedCodeBlocks":[{"fileId":"fileId-0","selectedText":"from flask import Flask\napp = Flask(__name__)","startRow":0,"startColumn":0,"endRow":1,"endColumn":21}],"imageURLs":[],"videoURLs":[],"audioURLs":[],"linesAbove":"0","linesBelow":"5","currentFilePath":"/firstApp.py","viewableBlogText":"from flask import Flask\napp = Flask(__name__)\n\n@app.route(\"/\")\ndef home():\n    return f\"Welcome to my app! This code is running from: {__name__}\"\n","questionCommentData":null},{"id":"commentId-2","commentTags":[],"displayCommentEvent":{"id":"ev-147","timestamp":1605129513998,"createdByDevGroupId":"devGroupId-2","eventSequenceNumber":147,"type":"INSERT","fileId":"fileId-0","character":"NEWLINE","previousNeighborId":"ev-146","lineNumber":6,"column":71,"pastedEventId":"other"},"developerGroupId":"devGroupId-2","timestamp":1605130827543,"commentText":"<div>Flask is a mini-http server so it is constantly listening for HTTP \nrequests to come in. It will respond to HTTP requests by calling a \nfunction and returning some data to the client.</div><div><br></div><div>I use the route decorator, <font face=\"Courier\">@app.route(\"/\")</font>, to specify a URL that this server will respond to. Here I am saying that any HTTP GET message sent to the route <font face=\"Courier\">/</font> will cause the <font face=\"Courier\">home</font> function to be called. <br></div><div><br></div><div>The <font face=\"Courier\">home</font> function returns a string of data that will be sent back to the client. </div>","selectedCodeBlocks":[{"fileId":"fileId-0","selectedText":"@app.route(\"/\")\ndef home():\n    return f\"Welcome to my app! This code is running from: {__name__}\"\n","startRow":3,"startColumn":0,"endRow":6,"endColumn":0}],"imageURLs":[],"videoURLs":[],"audioURLs":[],"linesAbove":"3","linesBelow":"0","currentFilePath":"/firstApp.py","viewableBlogText":"from flask import Flask\napp = Flask(__name__)\n\n@app.route(\"/\")\ndef home():\n    return f\"Welcome to my app! This code is running from: {__name__}\"","questionCommentData":null},{"id":"commentId-3","commentTags":[],"displayCommentEvent":{"id":"ev-147","timestamp":1605129513998,"createdByDevGroupId":"devGroupId-2","eventSequenceNumber":147,"type":"INSERT","fileId":"fileId-0","character":"NEWLINE","previousNeighborId":"ev-146","lineNumber":6,"column":71,"pastedEventId":"other"},"developerGroupId":"devGroupId-2","timestamp":1605203585831,"commentText":"<div>To start the server I need to run this program. Open a terminal window and make sure you are in the directory that has the Python file firstApp.py in it (you can use the <font face=\"Courier\">pwd</font> command to print the working directory that the terminal is in).</div><div><br></div><div>To run the program make sure you are running in the virtual environment:</div><div><font face=\"Courier\">&nbsp;&nbsp;&nbsp; &gt; . venv/bin/activate</font></div><div><br></div><div>Next, you have to set some environmental variables so that the terminal knows about your app:<br></div><div> <font face=\"Courier\">&nbsp;&nbsp;&nbsp; &gt; export FLASK_APP=firstApp.py</font></div><font face=\"Courier\">&nbsp;&nbsp;&nbsp; &gt; export FLASK_ENV=development<br>&nbsp;&nbsp;&nbsp; &gt; python3 -m flask run<br></font><div><br></div><div>The first two exports set the name of the file that has the server code in it and that we are developing the app (not in production). In 'development mode' we can make changes to the Python file without having to restart the server on every file save.<br></div><br>The third command starts Flask. Flask then looks for the name of a file to execute in the environmental variable <font face=\"Courier\">FLASK_APP</font>. By default, this will start the server on port 5000 (in production web servers listen on port 80).<br><div><br></div><div>The attached screenshot shows how I started the app (on my Mac). At the bottom of the screenshot you can see some output from starting Flask. It tells you that we are in 'development' mode and what URL to use to test. When you want to stop the server hit Control-C in the terminal.<br></div>","selectedCodeBlocks":[],"imageURLs":["media/images/1605131206564-Screen Shot 2020-11-11 at 3.45.19 PM.png"],"videoURLs":[],"audioURLs":[],"linesAbove":"3","linesBelow":"3","currentFilePath":"/firstApp.py","viewableBlogText":"","questionCommentData":null},{"id":"commentId-4","commentTags":[],"displayCommentEvent":{"id":"ev-147","timestamp":1605129513998,"createdByDevGroupId":"devGroupId-2","eventSequenceNumber":147,"type":"INSERT","fileId":"fileId-0","character":"NEWLINE","previousNeighborId":"ev-146","lineNumber":6,"column":71,"pastedEventId":"other"},"developerGroupId":"devGroupId-2","timestamp":1605131942350,"commentText":"Next, I will use my browser to test the app out. I know the server will respond to a HTTP GET request. I'll use my browser to generate that request by typing this in the browser's address bar:<br><br>http://127.0.0.1:5000<br><br><div>127.0.0.1 is the loopback IP address. It means, \"send the request to a server on whatever machine the client (in this case the browser) is running on\". <br></div><div><br></div><div>5000 is the default port number that the flask server runs on. <br></div><div><br></div><div>The attached screenshot shows the running app.<br></div><br>","selectedCodeBlocks":[],"imageURLs":["media/images/1605131861291-Screen Shot 2020-11-11 at 3.09.13 PM.png"],"videoURLs":[],"audioURLs":[],"linesAbove":"3","linesBelow":"3","currentFilePath":"/firstApp.py","viewableBlogText":"","questionCommentData":null},{"id":"commentId-5","commentTags":[],"displayCommentEvent":{"id":"ev-147","timestamp":1605129513998,"createdByDevGroupId":"devGroupId-2","eventSequenceNumber":147,"type":"INSERT","fileId":"fileId-0","character":"NEWLINE","previousNeighborId":"ev-146","lineNumber":6,"column":71,"pastedEventId":"other"},"developerGroupId":"devGroupId-2","timestamp":1605132522915,"commentText":"<div>You probably noticed that I used <font face=\"Courier\">__name__</font> in the code. This is the module name that Flask is currently executing. <br></div><div><br></div><div>In this case it is the name of the file where all of my server code is. This was set and read in from <font face=\"Courier\">FLASK_APP</font>.</div>","selectedCodeBlocks":[{"fileId":"fileId-0","selectedText":"__name__","startRow":1,"startColumn":12,"endRow":1,"endColumn":20},{"fileId":"fileId-0","selectedText":"__name__","startRow":5,"startColumn":60,"endRow":5,"endColumn":68}],"imageURLs":[],"videoURLs":[],"audioURLs":[],"linesAbove":"1","linesBelow":"0","currentFilePath":"/firstApp.py","viewableBlogText":"from flask import Flask\napp = Flask(__name__)\n\n@app.route(\"/\")\ndef home():\n    return f\"Welcome to my app! This code is running from: {__name__}\"","questionCommentData":null}],"ev-297":[{"id":"commentId-6","commentTags":[],"displayCommentEvent":{"id":"ev-297","timestamp":1605129513998,"createdByDevGroupId":"devGroupId-2","eventSequenceNumber":297,"type":"INSERT","fileId":"fileId-0","character":"NEWLINE","previousNeighborId":"ev-296","lineNumber":14,"column":35,"pastedEventId":"other"},"developerGroupId":"devGroupId-2","timestamp":1605134122841,"commentText":"<div>Here are a couple of more 'routes' and handler functions that I have set up. You can add as many meaningful routes as you’d like. Just make sure to write a different function for each one. <br></div><div><br></div><div>The attached screenshots show that the server responds to HTTP GET requests. Look closely at the address bar and you can see what makes a 'route'.</div><div><br></div><div>In a production app the 127.0.0.1:5000 would be replaced by a domain name like carthage.edu. A <font face=\"Courier\">/</font> separates the name of the server from the requested resource. Further <font face=\"Courier\">/</font>'s can be used to partition your app's resources kind of like directories and files on a file system.<br></div><div><br></div><div><font face=\"Courier\">/helloworld</font> serves a resource, the string \"Hello World!!!\"</div><div><br></div><div><font face=\"Courier\">/anotherRoute</font> serves a resource, the string \"Here is another route\"</div><div><br></div><div>Sometimes a resource is a string, sometimes it is a web page, and sometimes it is structured data.<br></div>","selectedCodeBlocks":[{"fileId":"fileId-0","selectedText":"@app.route(\"/helloworld\")\ndef hw():\n    return \"Hello World!!!!\"\n\n@app.route(\"/anotherRoute\")\ndef anotherRoute():\n    return \"Here is another route\"","startRow":7,"startColumn":0,"endRow":13,"endColumn":34}],"imageURLs":["media/images/1605132643440-Screen Shot 2020-11-11 at 3.10.01 PM.png","media/images/1605132643440-Screen Shot 2020-11-11 at 3.10.14 PM.png"],"videoURLs":[],"audioURLs":[],"linesAbove":"7","linesBelow":"1","currentFilePath":"/firstApp.py","viewableBlogText":"from flask import Flask\napp = Flask(__name__)\n\n@app.route(\"/\")\ndef home():\n    return f\"Welcome to my app! This code is running from: {__name__}\"\n\n@app.route(\"/helloworld\")\ndef hw():\n    return \"Hello World!!!!\"\n\n@app.route(\"/anotherRoute\")\ndef anotherRoute():\n    return \"Here is another route\"\n","questionCommentData":null},{"id":"commentId-8","commentTags":[],"displayCommentEvent":{"id":"ev-297","timestamp":1605129513998,"createdByDevGroupId":"devGroupId-2","eventSequenceNumber":297,"type":"INSERT","fileId":"fileId-0","character":"NEWLINE","previousNeighborId":"ev-296","lineNumber":14,"column":35,"pastedEventId":"other"},"developerGroupId":"devGroupId-2","timestamp":1605133601967,"commentText":"<div>So, what happens if you put in a bad URL? The server will respond that it is not configured to handle that request. Web servers do this with a <a href=\"https://en.wikipedia.org/wiki/HTTP_404\">404 error</a>. <br></div><div><br></div><div>See the attached screenshot. Here are some <a href=\"https://developer.mozilla.org/en-US/docs/Web/HTTP/Status\">HTTP status codes</a>.</div>","selectedCodeBlocks":[],"imageURLs":["media/images/1605133335526-Screen Shot 2020-11-11 at 4.20.59 PM.png"],"videoURLs":[],"audioURLs":[],"linesAbove":"3","linesBelow":"3","currentFilePath":"/firstApp.py","viewableBlogText":"","questionCommentData":null}],"ev-673":[{"id":"commentId-7","commentTags":[],"displayCommentEvent":{"id":"ev-673","timestamp":1605129576668,"createdByDevGroupId":"devGroupId-2","eventSequenceNumber":673,"type":"INSERT","fileId":"fileId-0","character":"\"","previousNeighborId":"ev-672","lineNumber":6,"column":68,"pastedEventId":"other"},"developerGroupId":"devGroupId-2","timestamp":1605134495905,"commentText":"<div>It is possible to customize the route so that some data can be passed in to the server. <br></div><div><br></div><div>The server will now respond to any URL that begins with /csstudent/ and has exactly one segment after it. The value will be wrapped up in a string and passed into the associated handler function.</div>","selectedCodeBlocks":[{"fileId":"fileId-0","selectedText":"<name>","startRow":3,"startColumn":23,"endRow":3,"endColumn":29}],"imageURLs":[],"videoURLs":[],"audioURLs":[],"linesAbove":"3","linesBelow":"2","currentFilePath":"/firstApp.py","viewableBlogText":"from flask import Flask\napp = Flask(__name__)\n\n@app.route(\"/csstudent/<name>\")\ndef showStudentName(name):\n    return f\"Hello {name}, you are a fine Computer Science student!\"","questionCommentData":null},{"id":"commentId-9","commentTags":[],"displayCommentEvent":{"id":"ev-673","timestamp":1605129576668,"createdByDevGroupId":"devGroupId-2","eventSequenceNumber":673,"type":"INSERT","fileId":"fileId-0","character":"\"","previousNeighborId":"ev-672","lineNumber":6,"column":68,"pastedEventId":"other"},"developerGroupId":"devGroupId-2","timestamp":1605134584096,"commentText":"<div>In the route definition the route parameter must be surrounded with a <font face=\"Courier\">&lt;</font> and <font face=\"Courier\">&gt;</font> and the handler function should take a parameter with the same name. By default the value is always a string.</div><div><br></div><div>The attached screenshot shows the results when I pass in my name.<br></div>","selectedCodeBlocks":[{"fileId":"fileId-0","selectedText":"<name>","startRow":3,"startColumn":23,"endRow":3,"endColumn":29},{"fileId":"fileId-0","selectedText":"name","startRow":4,"startColumn":20,"endRow":4,"endColumn":24},{"fileId":"fileId-0","selectedText":"name","startRow":5,"startColumn":20,"endRow":5,"endColumn":24}],"imageURLs":["media/images/1605134547134-Screen Shot 2020-11-11 at 3.10.34 PM.png"],"videoURLs":[],"audioURLs":[],"linesAbove":"3","linesBelow":"0","currentFilePath":"/firstApp.py","viewableBlogText":"from flask import Flask\napp = Flask(__name__)\n\n@app.route(\"/csstudent/<name>\")\ndef showStudentName(name):\n    return f\"Hello {name}, you are a fine Computer Science student!\"","questionCommentData":null}],"ev-853":[{"id":"commentId-10","commentTags":[],"displayCommentEvent":{"id":"ev-853","timestamp":1605129576668,"createdByDevGroupId":"devGroupId-2","eventSequenceNumber":853,"type":"INSERT","fileId":"fileId-0","character":"\"","previousNeighborId":"ev-852","lineNumber":10,"column":84,"pastedEventId":"other"},"developerGroupId":"devGroupId-2","timestamp":1605203859508,"commentText":"<div>You can specify multiple route parameters in different segments. <br></div><div><br></div><div>Just be careful because the routes are checked from the top of the file (firstApp.py) down and the first route that matches will have its handler function called.</div><div><br></div><div>The attached screenshot shows the server handling this route.<br></div>","selectedCodeBlocks":[{"fileId":"fileId-0","selectedText":"<firstName>","startRow":7,"startColumn":23,"endRow":7,"endColumn":34},{"fileId":"fileId-0","selectedText":"<lastName>","startRow":7,"startColumn":35,"endRow":7,"endColumn":45},{"fileId":"fileId-0","selectedText":"firstName","startRow":8,"startColumn":24,"endRow":8,"endColumn":33},{"fileId":"fileId-0","selectedText":"astName","startRow":8,"startColumn":36,"endRow":8,"endColumn":43},{"fileId":"fileId-0","selectedText":"firstName","startRow":9,"startColumn":20,"endRow":9,"endColumn":29},{"fileId":"fileId-0","selectedText":"lastName","startRow":9,"startColumn":32,"endRow":9,"endColumn":40}],"imageURLs":["media/images/1605134798022-Screen Shot 2020-11-11 at 3.10.51 PM.png"],"videoURLs":[],"audioURLs":[],"linesAbove":"0","linesBelow":"0","currentFilePath":"/firstApp.py","viewableBlogText":"@app.route(\"/csstudent/<firstName>/<lastName>\")\ndef showStudentFullName(firstName, lastName):\n    return f\"Hello {firstName} {lastName}, you are a fine Computer Science student!\"","questionCommentData":null}],"ev-1088":[{"id":"commentId-11","commentTags":[],"displayCommentEvent":{"id":"ev-1088","timestamp":1605129613667,"createdByDevGroupId":"devGroupId-2","eventSequenceNumber":1088,"type":"INSERT","fileId":"fileId-0","character":"NEWLINE","previousNeighborId":"ev-1087","lineNumber":16,"column":66,"pastedEventId":"other"},"developerGroupId":"devGroupId-2","timestamp":1605203904616,"commentText":"<div>Next, I'll create a route that determines a CS student's age. I am expecting a name and a birth year in the route. Then I will calculate their age. <br></div><div><br></div><div>It is common to have hard coded segments as part of the route so someone reading the URL knows what. In this case: <br></div><div><br></div><div><font face=\"Courier\">/<b>csstudent</b>/&lt;name&gt;/<b>birthyear</b>/&lt;int:birthyear&gt;</font><br></div><div><br></div><div><b><font face=\"Courier\">csstudent</font></b> and <b><font face=\"Courier\">birthyear</font></b> are indications that the server is expecting a student name and a birth year.<br></div>","selectedCodeBlocks":[{"fileId":"fileId-0","selectedText":"/csstudent/<name>/birthyear/<int:birthyear>","startRow":12,"startColumn":12,"endRow":12,"endColumn":55}],"imageURLs":[],"videoURLs":[],"audioURLs":[],"linesAbove":"0","linesBelow":"3","currentFilePath":"/firstApp.py","viewableBlogText":"@app.route(\"/csstudent/<name>/birthyear/<int:birthyear>\")\ndef showStudentNameAndAge(name, birthyear):\n    age = datetime.date.today().year - birthyear\n    return f\"{name}, born {age} years ago, is a fine CS student!\"","questionCommentData":null},{"id":"commentId-12","commentTags":[],"displayCommentEvent":{"id":"ev-1088","timestamp":1605129613667,"createdByDevGroupId":"devGroupId-2","eventSequenceNumber":1088,"type":"INSERT","fileId":"fileId-0","character":"NEWLINE","previousNeighborId":"ev-1087","lineNumber":16,"column":66,"pastedEventId":"other"},"developerGroupId":"devGroupId-2","timestamp":1605203924199,"commentText":"I'll use Python's built in date library for this. I need to import it at the top of the file.<br>","selectedCodeBlocks":[{"fileId":"fileId-0","selectedText":"import datetime\n","startRow":0,"startColumn":0,"endRow":1,"endColumn":0}],"imageURLs":[],"videoURLs":[],"audioURLs":[],"linesAbove":"0","linesBelow":"2","currentFilePath":"/firstApp.py","viewableBlogText":"import datetime\nfrom flask import Flask\napp = Flask(__name__)","questionCommentData":null},{"id":"commentId-13","commentTags":[],"displayCommentEvent":{"id":"ev-1088","timestamp":1605129613667,"createdByDevGroupId":"devGroupId-2","eventSequenceNumber":1088,"type":"INSERT","fileId":"fileId-0","character":"NEWLINE","previousNeighborId":"ev-1087","lineNumber":16,"column":66,"pastedEventId":"other"},"developerGroupId":"devGroupId-2","timestamp":1605203999082,"commentText":"<div>I take the difference between the current date and the CS student's birth year. I store the result in a variable. <br></div><div><br></div><div>It is perfectly fine to create local variables and use them in the data that gets returned by the server. In fact, that is what most Flask apps are, a series of functions that generate some data to return to the client.<br></div>","selectedCodeBlocks":[{"fileId":"fileId-0","selectedText":"age = datetime.date.today().year - birthyear","startRow":14,"startColumn":4,"endRow":14,"endColumn":48}],"imageURLs":["media/images/1605135332129-Screen Shot 2020-11-11 at 3.11.18 PM.png"],"videoURLs":[],"audioURLs":[],"linesAbove":"2","linesBelow":"2","currentFilePath":"/firstApp.py","viewableBlogText":"@app.route(\"/csstudent/<name>/birthyear/<int:birthyear>\")\ndef showStudentNameAndAge(name, birthyear):\n    age = datetime.date.today().year - birthyear\n    return f\"{name}, born {age} years ago, is a fine CS student!\"\n","questionCommentData":null},{"id":"commentId-14","commentTags":[],"displayCommentEvent":{"id":"ev-1088","timestamp":1605129613667,"createdByDevGroupId":"devGroupId-2","eventSequenceNumber":1088,"type":"INSERT","fileId":"fileId-0","character":"NEWLINE","previousNeighborId":"ev-1087","lineNumber":16,"column":66,"pastedEventId":"other"},"developerGroupId":"devGroupId-2","timestamp":1605204050120,"commentText":"<div>If you are expecting a particular type of data other than a string you can specify a limited set of types in the route:</div><div><br></div><div><font face=\"Courier\">int:birthyear</font></div><div><br></div><div>This says that the parameter passed in to the function should be turned from a string into an integer by the server so you don't have to do that in your code.<br></div>","selectedCodeBlocks":[{"fileId":"fileId-0","selectedText":"int:birthyear","startRow":12,"startColumn":41,"endRow":12,"endColumn":54}],"imageURLs":[],"videoURLs":[],"audioURLs":[],"linesAbove":"0","linesBelow":"3","currentFilePath":"/firstApp.py","viewableBlogText":"@app.route(\"/csstudent/<name>/birthyear/<int:birthyear>\")\ndef showStudentNameAndAge(name, birthyear):\n    age = datetime.date.today().year - birthyear\n    return f\"{name}, born {age} years ago, is a fine CS student!\"","questionCommentData":null}],"ev-1369":[{"id":"commentId-15","commentTags":[],"displayCommentEvent":{"id":"ev-1369","timestamp":1605129613667,"createdByDevGroupId":"devGroupId-2","eventSequenceNumber":1369,"type":"INSERT","fileId":"fileId-0","character":"\"","previousNeighborId":"ev-1368","lineNumber":23,"column":70,"pastedEventId":"other"},"developerGroupId":"devGroupId-2","timestamp":1605136298298,"commentText":"Here is another instance of the route parameter being converted from a string into a floating point number before being sent into the handler function.<br>","selectedCodeBlocks":[{"fileId":"fileId-0","selectedText":"float:heigh","startRow":17,"startColumn":46,"endRow":17,"endColumn":57},{"fileId":"fileId-0","selectedText":"height","startRow":18,"startColumn":35,"endRow":18,"endColumn":41},{"fileId":"fileId-0","selectedText":"feet = height // 12","startRow":20,"startColumn":4,"endRow":20,"endColumn":23},{"fileId":"fileId-0","selectedText":"inches = height % 12","startRow":21,"startColumn":4,"endRow":21,"endColumn":24},{"fileId":"fileId-0","selectedText":"{int(feet)}","startRow":22,"startColumn":25,"endRow":22,"endColumn":36},{"fileId":"fileId-0","selectedText":"{inches}","startRow":22,"startColumn":37,"endRow":22,"endColumn":45}],"imageURLs":["media/images/1605136239901-Screen Shot 2020-11-11 at 3.11.38 PM.png"],"videoURLs":[],"audioURLs":[],"linesAbove":"0","linesBelow":"0","currentFilePath":"/firstApp.py","viewableBlogText":"@app.route(\"/csstudent/<name>/heightInInches/<float:height>\")\ndef showStudentNameAndHeight(name, height):\n    #convert height in inches to whole feet and inches\n    feet = height // 12\n    inches = height % 12\n    return f\"{name} is a {int(feet)}'{inches}\\\" tall fine CS student!\"","questionCommentData":null}],"ev-1586":[{"id":"commentId-16","commentTags":[],"displayCommentEvent":{"id":"ev-1586","timestamp":1605129651478,"createdByDevGroupId":"devGroupId-2","eventSequenceNumber":1586,"type":"INSERT","fileId":"fileId-0","character":"\"","previousNeighborId":"ev-1585","lineNumber":31,"column":65,"pastedEventId":"other"},"developerGroupId":"devGroupId-2","timestamp":1605204154999,"commentText":"Next, I'll use a library specifically for looking at the requests that our server is handling. I import it at the top of the file.<br><br><div>If you import the <font face=\"Courier\">request</font> object from the Flask library then you can examine the request messages directly in your code. The <font face=\"Courier\">request</font> object has information about the most recent request that is being handled.</div><div><br></div><div>I'll use this going forward to access query parameters and form data from the request.<br></div>","selectedCodeBlocks":[{"fileId":"fileId-0","selectedText":"from flask import request","startRow":2,"startColumn":0,"endRow":2,"endColumn":25}],"imageURLs":[],"videoURLs":[],"audioURLs":[],"linesAbove":"2","linesBelow":"2","currentFilePath":"/firstApp.py","viewableBlogText":"import datetime\nfrom flask import Flask\nfrom flask import request\napp = Flask(__name__)\n","questionCommentData":null},{"id":"commentId-17","commentTags":[],"displayCommentEvent":{"id":"ev-1586","timestamp":1605129651478,"createdByDevGroupId":"devGroupId-2","eventSequenceNumber":1586,"type":"INSERT","fileId":"fileId-0","character":"\"","previousNeighborId":"ev-1585","lineNumber":31,"column":65,"pastedEventId":"other"},"developerGroupId":"devGroupId-2","timestamp":1605204190467,"commentText":"<div>Remember that a <a href=\"https://en.wikipedia.org/wiki/Hypertext_Transfer_Protocol#Request_methods\">GET</a> is a request for a resource. This might be a web page or a piece of data. <br></div><div><br></div><div>By default whenever you use a browser and type in a URL in the address bar then a GET message will be created. A <a href=\"https://en.wikipedia.org/wiki/POST_(HTTP)\">POST</a> message is used when the client has some data that it wants to send to the server. </div><br><div>The POST has a body which can store quite a bit of data (GETs are limited in how much data can be sent in the URL which you will see in a moment). If you are collecting data from a web form or uploading a file, for example, you would probably want to use a POST message.</div><div><br></div><div>Here I am specifying that this handler function, <font face=\"Courier\">postData</font>, should only be triggered when a POST request comes from a client.<br></div>","selectedCodeBlocks":[{"fileId":"fileId-0","selectedText":"methods = [\"POST\"]","startRow":25,"startColumn":25,"endRow":25,"endColumn":43}],"imageURLs":[],"videoURLs":[],"audioURLs":[],"linesAbove":"0","linesBelow":"5","currentFilePath":"/firstApp.py","viewableBlogText":"@app.route(\"/csstudent\", methods = [\"POST\"])\ndef postData():\n    name = request.form[\"name\"]\n    age = request.form[\"age\"]\n\n    return f\"{name} is {age} years old and is a fine CS student!\"","questionCommentData":null},{"id":"commentId-18","commentTags":[],"displayCommentEvent":{"id":"ev-1586","timestamp":1605129651478,"createdByDevGroupId":"devGroupId-2","eventSequenceNumber":1586,"type":"INSERT","fileId":"fileId-0","character":"\"","previousNeighborId":"ev-1585","lineNumber":31,"column":65,"pastedEventId":"other"},"developerGroupId":"devGroupId-2","timestamp":1605138959342,"commentText":"<div>One problem is that I can’t use the web browser anymore to test the server because it only generates GET requests. <br></div><div><br></div><div>Instead, I will use a tool to generate any type of HTTP request and to display responses. I recommend downloading and installing <a href=\"https://www.postman.com/downloads\">POSTMAN</a>. This is a tool that allows you to interact with a server to create different types of HTTP requests (with data).</div><div><br></div><div>The attached screenshot shows how I can use POSTMAN to make a request to this route.<br></div>","selectedCodeBlocks":[{"fileId":"fileId-0","selectedText":"\"/csstudent\", methods = [\"POST\"]","startRow":25,"startColumn":11,"endRow":25,"endColumn":43}],"imageURLs":["media/images/1605138863370-Screen Shot 2020-11-11 at 3.14.58 PM.png"],"videoURLs":[],"audioURLs":[],"linesAbove":"0","linesBelow":"5","currentFilePath":"/firstApp.py","viewableBlogText":"@app.route(\"/csstudent\", methods = [\"POST\"])\ndef postData():\n    name = request.form[\"name\"]\n    age = request.form[\"age\"]\n\n    return f\"{name} is {age} years old and is a fine CS student!\"","questionCommentData":null},{"id":"commentId-19","commentTags":[],"displayCommentEvent":{"id":"ev-1586","timestamp":1605129651478,"createdByDevGroupId":"devGroupId-2","eventSequenceNumber":1586,"type":"INSERT","fileId":"fileId-0","character":"\"","previousNeighborId":"ev-1585","lineNumber":31,"column":65,"pastedEventId":"other"},"developerGroupId":"devGroupId-2","timestamp":1605139365665,"commentText":"<div>Notice that I am selecting the type of message, POST, and I am adding some data to the body of the POST message. I do that using POSTMAN by selecting the 'Body' tab and then 'x-www-form-urlencoded' and adding key and value pairs.</div><div><br></div><div>These values are accessible using the <font face=\"Courier\">request</font> object I imported above. <font face=\"Courier\"><b>request.form[\"</b>key-name<b>\"]</b></font> will return the value from POST body.<br></div>","selectedCodeBlocks":[{"fileId":"fileId-0","selectedText":"name = request.form[\"name\"]\n    age = request.form[\"age\"]","startRow":27,"startColumn":4,"endRow":28,"endColumn":29}],"imageURLs":["media/images/1605138863370-Screen Shot 2020-11-11 at 3.14.58 PM.png"],"videoURLs":[],"audioURLs":[],"linesAbove":"2","linesBelow":"2","currentFilePath":"/firstApp.py","viewableBlogText":"@app.route(\"/csstudent\", methods = [\"POST\"])\ndef postData():\n    name = request.form[\"name\"]\n    age = request.form[\"age\"]\n\n    return f\"{name} is {age} years old and is a fine CS student!\"","questionCommentData":null}],"ev-1867":[{"id":"commentId-20","commentTags":[],"displayCommentEvent":{"id":"ev-1867","timestamp":1605129651478,"createdByDevGroupId":"devGroupId-2","eventSequenceNumber":1867,"type":"INSERT","fileId":"fileId-0","character":"l","previousNeighborId":"ev-1866","lineNumber":39,"column":17,"pastedEventId":"other"},"developerGroupId":"devGroupId-2","timestamp":1605139903198,"commentText":"JSON is an acronym for <b>J</b>ava<b>S</b>cript <b>O</b>bject <b>N</b>otation. This is a way to pass hashes or dictionaries across the internet. The entire data exchange format is described on <a href=\"http://www.json.org/\">json.org</a><br><br><div>Flask apps will automatically generate JSON data if you return a dictionary rather than a string.</div><div><br></div><div>Here I am handling a POST request by getting the POST data, converting it into integers, generating the age in the future, and then returning a Python dictionary as JSON. <br></div><div><br></div><div>The attached screenshot shows the data I sent and the response that was returned from the server.<br></div>","selectedCodeBlocks":[{"fileId":"fileId-0","selectedText":"@app.route(\"/csstudent/getAge\", methods = [\"POST\"])\ndef get_age_in_future():\n    currentAge = int(request.form[\"age\"])\n    additionalYears = int(request.form[\"additionalYears\"])\n\n    retVal = {\"originalAge\": currentAge, \"newAge\": (currentAge + additionalYears)}\n    return retVal","startRow":32,"startColumn":0,"endRow":38,"endColumn":17}],"imageURLs":["media/images/1605139822665-Screen Shot 2020-11-11 at 3.15.38 PM.png"],"videoURLs":[],"audioURLs":[],"linesAbove":"0","linesBelow":"0","currentFilePath":"/firstApp.py","viewableBlogText":"@app.route(\"/csstudent/getAge\", methods = [\"POST\"])\ndef get_age_in_future():\n    currentAge = int(request.form[\"age\"])\n    additionalYears = int(request.form[\"additionalYears\"])\n\n    retVal = {\"originalAge\": currentAge, \"newAge\": (currentAge + additionalYears)}\n    return retVal","questionCommentData":null}],"ev-2080":[{"id":"commentId-21","commentTags":[],"displayCommentEvent":{"id":"ev-2080","timestamp":1605137053341,"createdByDevGroupId":"devGroupId-2","eventSequenceNumber":2080,"type":"INSERT","fileId":"fileId-0","character":"NEWLINE","previousNeighborId":"ev-2079","lineNumber":38,"column":66,"pastedEventId":"other"},"developerGroupId":"devGroupId-2","timestamp":1605140294894,"commentText":"Sometimes you want to send data along with the request. The simplest way to do that is to add the data to the URL itself. This is accomplished using 'query string' parameters in a URL like this:<br><br><font face=\"Courier\">https://domainName.com?data1=val1&amp;data2=val2</font><br><br>The <font face=\"Courier\">?</font> indicates where the query string parameters begin and each one is a key/value pair separated by an <font face=\"Courier\">=</font>. If you have more than one you can separate the key/value pairs with an <font face=\"Courier\">&amp;</font>.<br><div><br></div><div>In the function you can use the global <font face=\"Courier\">request</font> object to ask for the <font face=\"Courier\">args</font> and then call the <font face=\"Courier\">get</font> method to retrieve a value based on the key.</div><div><br></div><div>In the attached screenshot you can see the URL that I passed in.<br></div>","selectedCodeBlocks":[{"fileId":"fileId-0","selectedText":"@app.route(\"/csstudent\")\ndef showStudentNameAndAgeFromQueryParams():\n    name = request.args.get(\"name\")\n    age = int(request.args.get(\"age\"))\n\n    return f\"{name} is {age} years old and is a fine CS student!\"","startRow":32,"startColumn":0,"endRow":37,"endColumn":65}],"imageURLs":["media/images/1605140203151-Screen Shot 2020-11-11 at 3.12.08 PM.png"],"videoURLs":[],"audioURLs":[],"linesAbove":"0","linesBelow":"0","currentFilePath":"/firstApp.py","viewableBlogText":"@app.route(\"/csstudent\")\ndef showStudentNameAndAgeFromQueryParams():\n    name = request.args.get(\"name\")\n    age = int(request.args.get(\"age\"))\n\n    return f\"{name} is {age} years old and is a fine CS student!\"","questionCommentData":null}]},"commentAutoGeneratedId":10}