{"systemDeveloper":{"id":"devId-0","userName":"Storyteller System","email":"system@ourcodestories.com","avatarURL":"https://www.gravatar.com/avatar/5fcc05d044610e96c28c9bb4b7278935"},"anonymousDeveloper":{"id":"devId-1","userName":"Anonymous Developer","email":"anon@ourcodestories.com","avatarURL":"https://www.gravatar.com/avatar/265e214b9c99f4d4f703c6feb9d8652f"},"systemDeveloperGroup":{"id":"devGroupId-0","memberIds":["devId-0"]},"anonymousDeveloperGroup":{"id":"devGroupId-1","memberIds":["devId-1"]},"allDevelopers":{"devId-0":{"id":"devId-0","userName":"Storyteller System","email":"system@ourcodestories.com","avatarURL":"https://www.gravatar.com/avatar/5fcc05d044610e96c28c9bb4b7278935"},"devId-1":{"id":"devId-1","userName":"Anonymous Developer","email":"anon@ourcodestories.com","avatarURL":"https://www.gravatar.com/avatar/265e214b9c99f4d4f703c6feb9d8652f"},"devId-2":{"id":"devId-2","userName":"Mark Mahoney","email":"mmahoney@carthage.edu","avatarURL":"https://www.gravatar.com/avatar/8f406804248006f79761e9ebc39d414c"}},"allDeveloperGroups":{"devGroupId-0":{"id":"devGroupId-0","memberIds":["devId-0"]},"devGroupId-1":{"id":"devGroupId-1","memberIds":["devId-1"]},"devGroupId-2":{"id":"devGroupId-2","memberIds":["devId-2"]}},"currentDeveloperGroupId":"devGroupId-2","developerAutoGeneratedId":3,"developerGroupAutoGeneratedId":3}